Workbook

Sheet Sheet2
A2: Headcount & Average Salary by Department | G2: Attrition Rate
A3: Department_Name | B3: HeadCount | C3: Average Salary | F3: HeadCount | G3: Column Labels
A4: Finance | B4: 17 | C4: 87938.5 | F4: Department_Name | G4: ACTIVE | H4: LEFT | I4: RESIGNED | J4: Grand Total
A5: Human Resources | B5: 18 | C5: 85649.941 | F5: Finance | G5: 13 | H5: 2 | I5: 2 | J5: 17
A6: Information Technology | B6: 36 | C6: 80014.258 | F6: Human Resources | G6: 16 | H6: 1 | I6: 1 | J6: 18 | L6: Attrition rate
A7: Marketing | B7: 19 | C7: 85508.167 | F7: Information Technology | G7: 28 | H7: 3 | I7: 5 | J7: 36 | L7: =(GETPIVOTDATA("Cleaned EMP ID",$F$3,"Cleaned Employment_Status","LEFT")+GETPIVOTDATA("Cleaned EMP ID",$F$3,"Cleaned Employment_Status","RESIGNED"))/GETPIVOTDATA("Cleaned EMP ID",$F$3) -> 0.22
A8: Operations | B8: 29 | C8: 79786.667 | F8: Marketing | G8: 16 | H8: 3 | J8: 19
A9: Sales | B9: 31 | C9: 87282.348 | F9: Operations | G9: 22 | H9: 7 | J9: 29
F10: Sales | G10: 22 | H10: 7 | I10: 2 | J10: 31
F11: Grand Total | G11: 117 | H11: 23 | I11: 10 | J11: 150

Sheet Working_Data
A1: Emp ID | B1: First_Name | C1: Last_Name | D1: Dept Code | F1: Salary | G1: Perf_Score | H1: Employment Status | J1: Cleaned EMP ID | K1: Cleaned First_Name | L1: Cleaned Last_Name | M1: Full_Name | N1: Department_Name | O1: Cleaned Dept_Code | P1: Cleaned Hire_Date | Q1: Year_of_Service | R1: Cleaned Salary | S1: Cleaned Perf_Score | T1: Performance_Band | U1: Eligible_Bonus_Amount | V1: Cleaned Employment_Status
A2: EMP127 | B2: Emily | C2: Brown | D2: IT02 | E2: 43093 | F2: 50361 | G2: 52 | H2: active | J2: =TRIM(CLEAN(A2)) -> EMP127 | K2: =TRIM(CLEAN(PROPER(B2))) -> Emily | L2: =TRIM(CLEAN(PROPER(C2))) -> Brown | M2: =_xlfn.TEXTJOIN(" ",TRUE,K2,L2) -> Emily Brown | N2: =_xlfn.XLOOKUP(O2,Lookup_Departments!$A$2:$A$7,Lookup_Departments!$B$2:$B$7,"Not Found") -> Information Technology | O2: =IFERROR(VLOOKUP(D2,Lookup_Departments!$A$2:$B$7,1,FALSE),"Invalid") -> IT02 | P2: =IF(ISNUMBER(E2),E2,DATE(RIGHT(E2,4),LEFT(E2,2),MID(E2,4,2))) -> 43093 | Q2: =DATEDIF(P2,TODAY(),"Y") -> 8 | R2: =IF(F2="",AVERAGEIF($D$2:$D$151,D2,$F$2:$F$151),F2) -> 50361 | S2: =IF(G2="",AVERAGE($G$2:$G$158),G2) -> 52 | T2: =_xlfn.XLOOKUP(S2,Lookup_Performance!$A$2:$A$6,Lookup_Performance!$C$2:$C$6,"Not Found",-1) -> Developing | U2: =_xlfn.XLOOKUP(S2,Lookup_Performance!$A$2:$A$6,Lookup_Performance!$D$2:$D$6,"Not Found",-1) -> 0.02 | V2: =TRIM(CLEAN(UPPER(H2))) -> ACTIVE
A3: EMP046 | B3: Richard | C3: Hernandez | D3: MKT04 | E3: 44659 | F3: 112673 | H3: ACTIVE | J3: =TRIM(CLEAN(A3)) -> EMP046 | K3: =TRIM(CLEAN(PROPER(B3))) -> Richard | L3: =TRIM(CLEAN(PROPER(C3))) -> Hernandez | M3: =_xlfn.TEXTJOIN(" ",TRUE,K3,L3) -> Richard Hernandez | N3: =_xlfn.XLOOKUP(O3,Lookup_Departments!$A$2:$A$7,Lookup_Departments!$B$2:$B$7,"Not Found") -> Marketing | O3: =IFERROR(VLOOKUP(D3,Lookup_Departments!$A$2:$B$7,1,FALSE),"Invalid") -> MKT04 | P3: =IF(ISNUMBER(E3),E3,DATE(RIGHT(E3,4),LEFT(E3,2),MID(E3,4,2))) -> 44659 | Q3: =DATEDIF(P3,TODAY(),"Y") -> 4 | R3: =IF(F3="",AVERAGEIF($D$2:$D$151,D3,$F$2:$F$151),F3) -> 112673 | S3: =IF(G3="",AVERAGE($G$2:$G$158),G3) -> 68.219858 | T3: =_xlfn.XLOOKUP(S3,Lookup_Performance!$A$2:$A$6,Lookup_Performance!$C$2:$C$6,"Not Found",-1) -> Developing | U3: =_xlfn.XLOOKUP(S3,Lookup_Performance!$A$2:$A$6,Lookup_Performance!$D$2:$D$6,"Not Found",-1) -> 0.02 | V3: =TRIM(CLEAN(UPPER(H3))) -> ACTIVE
A4: EMP134 | B4: Emily | C4: Gonzalez | D4: IT02 | E4: 42431 | F4: 114425 | G4: 54 | H4: LEFT | J4: =TRIM(CLEAN(A4)) -> EMP134 | K4: =TRIM(CLEAN(PROPER(B4))) -> Emily | L4: =TRIM(CLEAN(PROPER(C4))) -> Gonzalez | M4: =_xlfn.TEXTJOIN(" ",TRUE,K4,L4) -> Emily Gonzalez | N4: =_xlfn.XLOOKUP(O4,Lookup_Departments!$A$2:$A$7,Lookup_Departments!$B$2:$B$7,"Not Found") -> Information Technology | O4: =IFERROR(VLOOKUP(D4,Lookup_Departments!$A$2:$B$7,1,FALSE),"Invalid") -> IT02 | P4: =IF(ISNUMBER(E4),E4,DATE(RIGHT(E4,4),LEFT(E4,2),MID(E4,4,2))) -> 42431 | Q4: =DATEDIF(P4,TODAY(),"Y") -> 10 | R4: =IF(F4="",AVERAGEIF($D$2:$D$151,D4,$F$2:$F$151),F4) -> 114425 | S4: =IF(G4="",AVERAGE($G$2:$G$158),G4) -> 54 | T4: =_xlfn.XLOOKUP(S4,Lookup_Performance!$A$2:$A$6,Lookup_Performance!$C$2:$C$6,"Not Found",-1) -> Developing | U4: =_xlfn.XLOOKUP(S4,Lookup_Performance!$A$2:$A$6,Lookup_Performance!$D$2:$D$6,"Not Found",-1) -> 0.02 | V4: =TRIM(CLEAN(UPPER(H4))) -> LEFT
A5: EMP139 | B5: John | C5: Martinez | D5: FIN03 | E5: 45110 | F5: 103831 | G5: 70 | H5: active | J5: =TRIM(CLEAN(A5)) -> EMP139 | K5: =TRIM(CLEAN(PROPER(B5))) -> John | L5: =TRIM(CLEAN(PROPER(C5))) -> Martinez | M5: =_xlfn.TEXTJOIN(" ",TRUE,K5,L5) -> John Martinez | N5: =_xlfn.XLOOKUP(O5,Lookup_Departments!$A$2:$A$7,Lookup_Departments!$B$2:$B$7,"Not Found") -> Finance | O5: =IFERROR(VLOOKUP(D5,Lookup_Departments!$A$2:$B$7,1,FALSE),"Invalid") -> FIN03 | P5: =IF(ISNUMBER(E5),E5,DATE(RIGHT(E5,4),LEFT(E5,2),MID(E5,4,2))) -> 45110 | Q5: =DATEDIF(P5,TODAY(),"Y") -> 3 | R5: =IF(F5="",AVERAGEIF($D$2:$D$151,D5,$F$2:$F$151),F5) -> 103831 | S5: =IF(G5="",AVERAGE($G$2:$G$158),G5) -> 70 | T5: =_xlfn.XLOOKUP(S5,Lookup_Performance!$A$2:$A$6,Lookup_Performance!$C$2:$C$6,"Not Found",-1) -> Achieving | U5: =_xlfn.XLOOKUP(S5,Lookup_Performance!$A$2:$A$6,Lookup_Performance!$D$2:$D$6,"Not Found",-1) -> 0.05 | V5: =TRIM(CLEAN(UPPER(H5))) -> ACTIVE
A6: EMP112 | B6: Thomas | C6: Smith | D6: IT02 | E6: 44977 | F6: 73785 | G6: 40 | H6: Left | J6: =TRIM(CLEAN(A6)) -> EMP112 | K6: =TRIM(CLEAN(PROPER(B6))) -> Thomas | L6: =TRIM(CLEAN(PROPER(C6))) -> Smith | M6: =_xlfn.TEXTJOIN(" ",TRUE,K6,L6) -> Thomas Smith | N6: =_xlfn.XLOOKUP(O6,Lookup_Departments!$A$2:$A$7,Lookup_Departments!$B$2:$B$7,"Not Found") -> Information Technology | O6: =IFERROR(VLOOKUP(D6,Lookup_Departments!$A$2:$B$7,1,FALSE),"Invalid") -> IT02 | P6: =IF(ISNUMBER(E6),E6,DATE(RIGHT(E6,4),LEFT(E6,2),MID(E6,4,2))) -> 44977 | Q6: =DATEDIF(P6,TODAY(),"Y") -> 3 | R6: =IF(F6="",AVERAGEIF($D$2:$D$151,D6,$F$2:$F$151),F6) -> 73785 | S6: =IF(G6="",AVERAGE($G$2:$G$158),G6) -> 40 | T6: =_xlfn.XLOOKUP(S6,Lookup_Performance!$A$2:$A$6,Lookup_Performance!$C$2:$C$6,"Not Found",-1) -> Needs Improvement | U6: =_xlfn.XLOOKUP(S6,Lookup_Performance!$A$2:$A$6,Lookup_Performance!$D$2:$D$6,"Not Found",-1) -> 0 | V6: =TRIM(CLEAN(UPPER(H6))) -> LEFT
A7: EMP030 | B7: Emily | C7: Johnson | D7: OPS06 | E7: 43892 | F7: 115882 | G7: 49 | H7: ACTIVE | J7: =TRIM(CLEAN(A7)) -> EMP030 | K7: =TRIM(CLEAN(PROPER(B7))) -> Emily | L7: =TRIM(CLEAN(PROPER(C7))) -> Johnson | M7: =_xlfn.TEXTJOIN(" ",TRUE,K7,L7) -> Emily Johnson | N7: =_xlfn.XLOOKUP(O7,Lookup_Departments!$A$2:$A$7,Lookup_Departments!$B$2:$B$7,"Not Found") -> Operations | O7: =IFERROR(VLOOKUP(D7,Lookup_Departments!$A$2:$B$7,1,FALSE),"Invalid") -> OPS06 | P7: =IF(ISNUMBER(E7),E7,DATE(RIGHT(E7,4),LEFT(E7,2),MID(E7,4,2))) -> 43892 | Q7: =DATEDIF(P7,TODAY(),"Y") -> 6 | R7: =IF(F7="",AVERAGEIF($D$2:$D$151,D7,$F$2:$F$151),F7) -> 115882 | S7: =IF(G7="",AVERAGE($G$2:$G$158),G7) -> 49 | T7: =_xlfn.XLOOKUP(S7,Lookup_Performance!$A$2:$A$6,Lookup_Performance!$C$2:$C$6,"Not Found",-1) -> Needs Improvement | U7: =_xlfn.XLOOKUP(S7,Lookup_Performance!$A$2:$A$6,Lookup_Performance!$D$2:$D$6,"Not Found",-1) -> 0 | V7: =TRIM(CLEAN(UPPER(H7))) -> ACTIVE
A8: EMP096 | B8: John | C8: Wilson | D8: OPS06 | E8: 45272 | F8: 59980 | G8: 70 | H8: Left | J8: =TRIM(CLEAN(A8)) -> EMP096 | K8: =TRIM(CLEAN(PROPER(B8))) -> John | L8: =TRIM(CLEAN(PROPER(C8))) -> Wilson | M8: =_xlfn.TEXTJOIN(" ",TRUE,K8,L8) -> John Wilson | N8: =_xlfn.XLOOKUP(O8,Lookup_Departments!$A$2:$A$7,Lookup_Departments!$B$2:$B$7,"Not Found") -> Operations | O8: =IFERROR(VLOOKUP(D8,Lookup_Departments!$A$2:$B$7,1,FALSE),"Invalid") -> OPS06 | P8: =IF(ISNUMBER(E8),E8,DATE(RIGHT(E8,4),LEFT(E8,2),MID(E8,4,2))) -> 45272 | Q8: =DATEDIF(P8,TODAY(),"Y") -> 2 | R8: =IF(F8="",AVERAGEIF($D$2:$D$151,D8,$F$2:$F$151),F8) -> 59980 | S8: =IF(G8="",AVERAGE($G$2:$G$158),G8) -> 70 | T8: =_xlfn.XLOOKUP(S8,Lookup_Performance!$A$2:$A$6,Lookup_Performance!$C$2:$C$6,"Not Found",-1) -> Achieving | U8: =_xlfn.XLOOKUP(S8,Lookup_Performance!$A$2:$A$6,Lookup_Performance!$D$2:$D$6,"Not Found",-1) -> 0.05 | V8: =TRIM(CLEAN(UPPER(H8))) -> LEFT
A9: EMP098 | B9: Jessica | C9: Smith | D9: OPS06 | E9: 44174 | F9: 68728 | G9: 45 | H9: ACTIVE | J9: =TRIM(CLEAN(A9)) -> EMP098 | K9: =TRIM(CLEAN(PROPER(B9))) -> Jessica | L9: =TRIM(CLEAN(PROPER(C9))) -> Smith | M9: =_xlfn.TEXTJOIN(" ",TRUE,K9,L9) -> Jessica Smith | N9: =_xlfn.XLOOKUP(O9,Lookup_Departments!$A$2:$A$7,Lookup_Departments!$B$2:$B$7,"Not Found") -> Operations | O9: =IFERROR(VLOOKUP(D9,Lookup_Departments!$A$2:$B$7,1,FALSE),"Invalid") -> OPS06 | P9: =IF(ISNUMBER(E9),E9,DATE(RIGHT(E9,4),LEFT(E9,2),MID(E9,4,2))) -> 44174 | Q9: =DATEDIF(P9,TODAY(),"Y") -> 5 | R9: =IF(F9="",AVERAGEIF($D$2:$D$151,D9,$F$2:$F$151),F9) -> 68728 | S9: =IF(G9="",AVERAGE($G$2:$G$158),G9) -> 45 | T9: =_xlfn.XLOOKUP(S9,Lookup_Performance!$A$2:$A$6,Lookup_Performance!$C$2:$C$6,"Not Found",-1) -> Needs Improvement | U9: =_xlfn.XLOOKUP(S9,Lookup_Performance!$A$2:$A$6,Lookup_Performance!$D$2:$D$6,"Not Found",-1) -> 0 | V9: =TRIM(CLEAN(UPPER(H9))) -> ACTIVE
A10: EMP095 | B10: Unknown | C10: Rodriguez | D10: FIN03 | E10: 43107 | F10: 102139 | G10: 79 | H10: active | J10: =TRIM(CLEAN(A10)) -> EMP095 | K10: =TRIM(CLEAN(PROPER(B10))) -> Unknown | L10: =TRIM(CLEAN(PROPER(C10))) -> Rodriguez | M10: =_xlfn.TEXTJOIN(" ",TRUE,K10,L10) -> Unknown Rodriguez | N10: =_xlfn.XLOOKUP(O10,Lookup_Departments!$A$2:$A$7,Lookup_Departments!$B$2:$B$7,"Not Found") -> Finance | O10: =IFERROR(VLOOKUP(D10,Lookup_Departments!$A$2:$B$7,1,FALSE),"Invalid") -> FIN03 | P10: =IF(ISNUMBER(E10),E10,DATE(RIGHT(E10,4),LEFT(E10,2),MID(E10,4,2))) -> 43107 | Q10: =DATEDIF(P10,TODAY(),"Y") -> 8 | R10: =IF(F10="",AVERAGEIF($D$2:$D$151,D10,$F$2:$F$151),F10) -> 102139 | S10: =IF(G10="",AVERAGE($G$2:$G$158),G10) -> 79 | T10: =_xlfn.XLOOKUP(S10,Lookup_Performance!$A$2:$A$6,Lookup_Performance!$C$2:$C$6,"Not Found",-1) -> Achieving | U10: =_xlfn.XLOOKUP(S10,Lookup_Performance!$A$2:$A$6,Lookup_Performance!$D$2:$D$6,"Not Found",-1) -> 0.05 | V10: =TRIM(CLEAN(UPPER(H10))) -> ACTIVE
A11: EMP140 | B11: Michael | C11: Martinez | D11: SAL05 | E11: 42676 | F11: 94998 | G11: 58 | H11: Active | J11: =TRIM(CLEAN(A11)) -> EMP140 | K11: =TRIM(CLEAN(PROPER(B11))) -> Michael | L11: =TRIM(CLEAN(PROPER(C11))) -> Martinez | M11: =_xlfn.TEXTJOIN(" ",TRUE,K11,L11) -> Michael Martinez | N11: =_xlfn.XLOOKUP(O11,Lookup_Departments!$A$2:$A$7,Lookup_Departments!$B$2:$B$7,"Not Found") -> Sales | O11: =IFERROR(VLOOKUP(D11,Lookup_Departments!$A$2:$B$7,1,FALSE),"Invalid") -> SAL05 | P11: =IF(ISNUMBER(E11),E11,DATE(RIGHT(E11,4),LEFT(E11,2),MID(E11,4,2))) -> 42676 | Q11: =DATEDIF(P11,TODAY(),"Y") -> 9 | R11: =IF(F11="",AVERAGEIF($D$2:$D$151,D11,$F$2:$F$151),F11) -> 94998 | S11: =IF(G11="",AVERAGE($G$2:$G$158),G11) -> 58 | T11: =_xlfn.XLOOKUP(S11,Lookup_Performance!$A$2:$A$6,Lookup_Performance!$C$2:$C$6,"Not Found",-1) -> Developing | U11: =_xlfn.XLOOKUP(S11,Lookup_Performance!$A$2:$A$6,Lookup_Performance!$D$2:$D$6,"Not Found",-1) -> 0.02 | V11: =TRIM(CLEAN(UPPER(H11))) -> ACTIVE
A12: EMP020 | B12: Emily | C12: Miller | D12: SAL05 | E12: 43911 | F12: 118635 | G12: 49 | H12: Active | J12: =TRIM(CLEAN(A12)) -> EMP020 | K12: =TRIM(CLEAN(PROPER(B12))) -> Emily | L12: =TRIM(CLEAN(PROPER(C12))) -> Miller | M12: =_xlfn.TEXTJOIN(" ",TRUE,K12,L12) -> Emily Miller | N12: =_xlfn.XLOOKUP(O12,Lookup_Departments!$A$2:$A$7,Lookup_Departments!$B$2:$B$7,"Not Found") -> Sales | O12: =IFERROR(VLOOKUP(D12,Lookup_Departments!$A$2:$B$7,1,FALSE),"Invalid") -> SAL05 | P12: =IF(ISNUMBER(E12),E12,DATE(RIGHT(E12,4),LEFT(E12,2),MID(E12,4,2))) -> 43911 | Q12: =DATEDIF(P12,TODAY(),"Y") -> 6 | R12: =IF(F12="",AVERAGEIF($D$2:$D$151,D12,$F$2:$F$151),F12) -> 118635 | S12: =IF(G12="",AVERAGE($G$2:$G$158),G12) -> 49 | T12: =_xlfn.XLOOKUP(S12,Lookup_Performance!$A$2:$A$6,Lookup_Performance!$C$2:$C$6,"Not Found",-1) -> Needs Improvement | U12: =_xlfn.XLOOKUP(S12,Lookup_Performance!$A$2:$A$6,Lookup_Performance!$D$2:$D$6,"Not Found",-1) -> 0 | V12: =TRIM(CLEAN(UPPER(H12))) -> ACTIVE
A13: EMP057 | B13: Emily | C13: Hernandez | D13: IT02 | E13: 42425 | F13: 76918 | G13: 62 | H13: ACTIVE | J13: =TRIM(CLEAN(A13)) -> EMP057 | K13: =TRIM(CLEAN(PROPER(B13))) -> Emily | L13: =TRIM(CLEAN(PROPER(C13))) -> Hernandez | M13: =_xlfn.TEXTJOIN(" ",TRUE,K13,L13) -> Emily Hernandez | N13: =_xlfn.XLOOKUP(O13,Lookup_Departments!$A$2:$A$7,Lookup_Departments!$B$2:$B$7,"Not Found") -> Information Technology | O13: =IFERROR(VLOOKUP(D13,Lookup_Departments!$A$2:$B$7,1,FALSE),"Invalid") -> IT02 | P13: =IF(ISNUMBER(E13),E13,DATE(RIGHT(E13,4),LEFT(E13,2),MID(E13,4,2))) -> 42425 | Q13: =DATEDIF(P13,TODAY(),"Y") -> 10 | R13: =IF(F13="",AVERAGEIF($D$2:$D$151,D13,$F$2:$F$151),F13) -> 76918 | S13: =IF(G13="",AVERAGE($G$2:$G$158),G13) -> 62 | T13: =_xlfn.XLOOKUP(S13,Lookup_Performance!$A$2:$A$6,Lookup_Performance!$C$2:$C$6,"Not Found",-1) -> Developing | U13: =_xlfn.XLOOKUP(S13,Lookup_Performance!$A$2:$A$6,Lookup_Performance!$D$2:$D$6,"Not Found",-1) -> 0.02 | V13: =TRIM(CLEAN(UPPER(H13))) -> ACTIVE
A14: EMP016 | B14: Jane | C14: Williams | D14: MKT04 | E14: 44364 | F14: 61408 | G14: 48 | H14: ACTIVE | J14: =TRIM(CLEAN(A14)) -> EMP016 | K14: =TRIM(CLEAN(PROPER(B14))) -> Jane | L14: =TRIM(CLEAN(PROPER(C14))) -> Williams | M14: =_xlfn.TEXTJOIN(" ",TRUE,K14,L14) -> Jane Williams | N14: =_xlfn.XLOOKUP(O14,Lookup_Departments!$A$2:$A$7,Lookup_Departments!$B$2:$B$7,"Not Found") -> Marketing | O14: =IFERROR(VLOOKUP(D14,Lookup_Departments!$A$2:$B$7,1,FALSE),"Invalid") -> MKT04 | P14: =IF(ISNUMBER(E14),E14,DATE(RIGHT(E14,4),LEFT(E14,2),MID(E14,4,2))) -> 44364 | Q14: =DATEDIF(P14,TODAY(),"Y") -> 5 | R14: =IF(F14="",AVERAGEIF($D$2:$D$151,D14,$F$2:$F$151),F14) -> 61408 | S14: =IF(G14="",AVERAGE($G$2:$G$158),G14) -> 48 | T14: =_xlfn.XLOOKUP(S14,Lookup_Performance!$A$2:$A$6,Lookup_Performance!$C$2:$C$6,"Not Found",-1) -> Needs Improvement | U14: =_xlfn.XLOOKUP(S14,Lookup_Performance!$A$2:$A$6,Lookup_Performance!$D$2:$D$6,"Not Found",-1) -> 0 | V14: =TRIM(CLEAN(UPPER(H14))) -> ACTIVE
A15: EMP070 | B15: Jane | C15: Miller | D15: MKT04 | E15: 44001 | F15: 99990 | G15: 54 | H15: ACTIVE | J15: =TRIM(CLEAN(A15)) -> EMP070 | K15: =TRIM(CLEAN(PROPER(B15))) -> Jane | L15: =TRIM(CLEAN(PROPER(C15))) -> Miller | M15: =_xlfn.TEXTJOIN(" ",TRUE,K15,L15) -> Jane Miller | N15: =_xlfn.XLOOKUP(O15,Lookup_Departments!$A$2:$A$7,Lookup_Departments!$B$2:$B$7,"Not Found") -> Marketing | O15: =IFERROR(VLOOKUP(D15,Lookup_Departments!$A$2:$B$7,1,FALSE),"Invalid") -> MKT04 | P15: =IF(ISNUMBER(E15),E15,DATE(RIGHT(E15,4),LEFT(E15,2),MID(E15,4,2))) -> 44001 | Q15: =DATEDIF(P15,TODAY(),"Y") -> 6 | R15: =IF(F15="",AVERAGEIF($D$2:$D$151,D15,$F$2:$F$151),F15) -> 99990 | S15: =IF(G15="",AVERAGE($G$2:$G$158),G15) -> 54 | T15: =_xlfn.XLOOKUP(S15,Lookup_Performance!$A$2:$A$6,Lookup_Performance!$C$2:$C$6,"Not Found",-1) -> Developing | U15: =_xlfn.XLOOKUP(S15,Lookup_Performance!$A$2:$A$6,Lookup_Performance!$D$2:$D$6,"Not Found",-1) -> 0.02 | V15: =TRIM(CLEAN(UPPER(H15))) -> ACTIVE
A16: EMP025 | B16: Robert | C16: Jones | D16: MKT04 | E16: 43820 | F16: 80385 | H16: active | J16: =TRIM(CLEAN(A16)) -> EMP025 | K16: =TRIM(CLEAN(PROPER(B16))) -> Robert | L16: =TRIM(CLEAN(PROPER(C16))) -> Jones | M16: =_xlfn.TEXTJOIN(" ",TRUE,K16,L16) -> Robert Jones | N16: =_xlfn.XLOOKUP(O16,Lookup_Departments!$A$2:$A$7,Lookup_Departments!$B$2:$B$7,"Not Found") -> Marketing | O16: =IFERROR(VLOOKUP(D16,Lookup_Departments!$A$2:$B$7,1,FALSE),"Invalid") -> MKT04 | P16: =IF(ISNUMBER(E16),E16,DATE(RIGHT(E16,4),LEFT(E16,2),MID(E16,4,2))) -> 43820 | Q16: =DATEDIF(P16,TODAY(),"Y") -> 6 | R16: =IF(F16="",AVERAGEIF($D$2:$D$151,D16,$F$2:$F$151),F16) -> 80385 | S16: =IF(G16="",AVERAGE($G$2:$G$158),G16) -> 68.219858 | T16: =_xlfn.XLOOKUP(S16,Lookup_Performance!$A$2:$A$6,Lookup_Performance!$C$2:$C$6,"Not Found",-1) -> Developing | U16: =_xlfn.XLOOKUP(S16,Lookup_Performance!$A$2:$A$6,Lookup_Performance!$D$2:$D$6,"Not Found",-1) -> 0.02 | V16: =TRIM(CLEAN(UPPER(H16))) -> ACTIVE
A17: EMP031 | B17: Thomas | C17: Rodriguez | D17: SAL05 | E17: 45169 | F17: 65290 | G17: 77 | H17: active | J17: =TRIM(CLEAN(A17)) -> EMP031 | K17: =TRIM(CLEAN(PROPER(B17))) -> Thomas | L17: =TRIM(CLEAN(PROPER(C17))) -> Rodriguez | M17: =_xlfn.TEXTJOIN(" ",TRUE,K17,L17) -> Thomas Rodriguez | N17: =_xlfn.XLOOKUP(O17,Lookup_Departments!$A$2:$A$7,Lookup_Departments!$B$2:$B$7,"Not Found") -> Sales | O17: =IFERROR(VLOOKUP(D17,Lookup_Departments!$A$2:$B$7,1,FALSE),"Invalid") -> SAL05 | P17: =IF(ISNUMBER(E17),E17,DATE(RIGHT(E17,4),LEFT(E17,2),MID(E17,4,2))) -> 45169 | Q17: =DATEDIF(P17,TODAY(),"Y") -> 2 | R17: =IF(F17="",AVERAGEIF($D$2:$D$151,D17,$F$2:$F$151),F17) -> 65290 | S17: =IF(G17="",AVERAGE($G$2:$G$158),G17) -> 77 | T17: =_xlfn.XLOOKUP(S17,Lookup_Performance!$A$2:$A$6,Lookup_Performance!$C$2:$C$6,"Not Found",-1) -> Achieving | U17: =_xlfn.XLOOKUP(S17,Lookup_Performance!$A$2:$A$6,Lookup_Performance!$D$2:$D$6,"Not Found",-1) -> 0.05 | V17: =TRIM(CLEAN(UPPER(H17))) -> ACTIVE
A18: EMP126 | B18: Emily | C18: Davis | D18: IT02 | E18: 42337 | F18: 105765 | G18: 42 | H18: Active | J18: =TRIM(CLEAN(A18)) -> EMP126 | K18: =TRIM(CLEAN(PROPER(B18))) -> Emily | L18: =TRIM(CLEAN(PROPER(C18))) -> Davis | M18: =_xlfn.TEXTJOIN(" ",TRUE,K18,L18) -> Emily Davis | N18: =_xlfn.XLOOKUP(O18,Lookup_Departments!$A$2:$A$7,Lookup_Departments!$B$2:$B$7,"Not Found") -> Information Technology | O18: =IFERROR(VLOOKUP(D18,Lookup_Departments!$A$2:$B$7,1,FALSE),"Invalid") -> IT02 | P18: =IF(ISNUMBER(E18),E18,DATE(RIGHT(E18,4),LEFT(E18,2),MID(E18,4,2))) -> 42337 | Q18: =DATEDIF(P18,TODAY(),"Y") -> 10 | R18: =IF(F18="",AVERAGEIF($D$2:$D$151,D18,$F$2:$F$151),F18) -> 105765 | S18: =IF(G18="",AVERAGE($G$2:$G$158),G18) -> 42 | T18: =_xlfn.XLOOKUP(S18,Lookup_Performance!$A$2:$A$6,Lookup_Performance!$C$2:$C$6,"Not Found",-1) -> Needs Improvement | U18: =_xlfn.XLOOKUP(S18,Lookup_Performance!$A$2:$A$6,Lookup_Performance!$D$2:$D$6,"Not Found",-1) -> 0 | V18: =TRIM(CLEAN(UPPER(H18))) -> ACTIVE
A19: EMP109 | B19: James | C19: Martinez | D19: SAL05 | E19: 42899 | F19: 102921 | G19: 49 | H19: ACTIVE | J19: =TRIM(CLEAN(A19)) -> EMP109 | K19: =TRIM(CLEAN(PROPER(B19))) -> James | L19: =TRIM(CLEAN(PROPER(C19))) -> Martinez | M19: =_xlfn.TEXTJOIN(" ",TRUE,K19,L19) -> James Martinez | N19: =_xlfn.XLOOKUP(O19,Lookup_Departments!$A$2:$A$7,Lookup_Departments!$B$2:$B$7,"Not Found") -> Sales | O19: =IFERROR(VLOOKUP(D19,Lookup_Departments!$A$2:$B$7,1,FALSE),"Invalid") -> SAL05 | P19: =IF(ISNUMBER(E19),E19,DATE(RIGHT(E19,4),LEFT(E19,2),MID(E19,4,2))) -> 42899 | Q19: =DATEDIF(P19,TODAY(),"Y") -> 9 | R19: =IF(F19="",AVERAGEIF($D$2:$D$151,D19,$F$2:$F$151),F19) -> 102921 | S19: =IF(G19="",AVERAGE($G$2:$G$158),G19) -> 49 | T19: =_xlfn.XLOOKUP(S19,Lookup_Performance!$A$2:$A$6,Lookup_Performance!$C$2:$C$6,"Not Found",-1) -> Needs Improvement | U19: =_xlfn.XLOOKUP(S19,Lookup_Performance!$A$2:$A$6,Lookup_Performance!$D$2:$D$6,"Not Found",-1) -> 0 | V19: =TRIM(CLEAN(UPPER(H19))) -> ACTIVE
A20: EMP066 | B20: Ashley | C20: Lopez | D20: MKT04 | E20: 43235 | F20: 73984 | G20: 62 | H20: ACTIVE | J20: =TRIM(CLEAN(A20)) -> EMP066 | K20: =TRIM(CLEAN(PROPER(B20))) -> Ashley | L20: =TRIM(CLEAN(PROPER(C20))) -> Lopez | M20: =_xlfn.TEXTJOIN(" ",TRUE,K20,L20) -> Ashley Lopez | N20: =_xlfn.XLOOKUP(O20,Lookup_Departments!$A$2:$A$7,Lookup_Departments!$B$2:$B$7,"Not Found") -> Marketing | O20: =IFERROR(VLOOKUP(D20,Lookup_Departments!$A$2:$B$7,1,FALSE),"Invalid") -> MKT04 | P20: =IF(ISNUMBER(E20),E20,DATE(RIGHT(E20,4),LEFT(E20,2),MID(E20,4,2))) -> 43235 | Q20: =DATEDIF(P20,TODAY(),"Y") -> 8 | R20: =IF(F20="",AVERAGEIF($D$2:$D$151,D20,$F$2:$F$151),F20) -> 73984 | S20: =IF(G20="",AVERAGE($G$2:$G$158),G20) -> 62 | T20: =_xlfn.XLOOKUP(S20,Lookup_Performance!$A$2:$A$6,Lookup_Performance!$C$2:$C$6,"Not Found",-1) -> Developing | U20: =_xlfn.XLOOKUP(S20,Lookup_Performance!$A$2:$A$6,Lookup_Performance!$D$2:$D$6,"Not Found",-1) -> 0.02 | V20: =TRIM(CLEAN(UPPER(H20))) -> ACTIVE
A21: EMP120 | B21: Amanda | C21: Gonzalez | D21: IT02 | E21: 42575 | G21: 93 | H21: ACTIVE | J21: =TRIM(CLEAN(A21)) -> EMP120 | K21: =TRIM(CLEAN(PROPER(B21))) -> Amanda | L21: =TRIM(CLEAN(PROPER(C21))) -> Gonzalez | M21: =_xlfn.TEXTJOIN(" ",TRUE,K21,L21) -> Amanda Gonzalez | N21: =_xlfn.XLOOKUP(O21,Lookup_Departments!$A$2:$A$7,Lookup_Departments!$B$2:$B$7,"Not Found") -> Information Technology | O21: =IFERROR(VLOOKUP(D21,Lookup_Departments!$A$2:$B$7,1,FALSE),"Invalid") -> IT02 | P21: =IF(ISNUMBER(E21),E21,DATE(RIGHT(E21,4),LEFT(E21,2),MID(E21,4,2))) -> 42575 | Q21: =DATEDIF(P21,TODAY(),"Y") -> 9 | R21: =IF(F21="",AVERAGEIF($D$2:$D$151,D21,$F$2:$F$151),F21) -> 80014.258 | S21: =IF(G21="",AVERAGE($G$2:$G$158),G21) -> 93 | T21: =_xlfn.XLOOKUP(S21,Lookup_Performance!$A$2:$A$6,Lookup_Performance!$C$2:$C$6,"Not Found",-1) -> Exceeding | U21: =_xlfn.XLOOKUP(S21,Lookup_Performance!$A$2:$A$6,Lookup_Performance!$D$2:$D$6,"Not Found",-1) -> 0.08 | V21: =TRIM(CLEAN(UPPER(H21))) -> ACTIVE
A22: EMP019 | B22: Michael | C22: Hernandez | D22: FIN03 | E22: 43076 | F22: 118527 | G22: 75 | H22: ACTIVE | J22: =TRIM(CLEAN(A22)) -> EMP019 | K22: =TRIM(CLEAN(PROPER(B22))) -> Michael | L22: =TRIM(CLEAN(PROPER(C22))) -> Hernandez | M22: =_xlfn.TEXTJOIN(" ",TRUE,K22,L22) -> Michael Hernandez | N22: =_xlfn.XLOOKUP(O22,Lookup_Departments!$A$2:$A$7,Lookup_Departments!$B$2:$B$7,"Not Found") -> Finance | O22: =IFERROR(VLOOKUP(D22,Lookup_Departments!$A$2:$B$7,1,FALSE),"Invalid") -> FIN03 | P22: =IF(ISNUMBER(E22),E22,DATE(RIGHT(E22,4),LEFT(E22,2),MID(E22,4,2))) -> 43076 | Q22: =DATEDIF(P22,TODAY(),"Y") -> 8 | R22: =IF(F22="",AVERAGEIF($D$2:$D$151,D22,$F$2:$F$151),F22) -> 118527 | S22: =IF(G22="",AVERAGE($G$2:$G$158),G22) -> 75 | T22: =_xlfn.XLOOKUP(S22,Lookup_Performance!$A$2:$A$6,Lookup_Performance!$C$2:$C$6,"Not Found",-1) -> Achieving | U22: =_xlfn.XLOOKUP(S22,Lookup_Performance!$A$2:$A$6,Lookup_Performance!$D$2:$D$6,"Not Found",-1) -> 0.05 | V22: =TRIM(CLEAN(UPPER(H22))) -> ACTIVE
A23: EMP013 | B23: Richard | C23: Hernandez | D23: MKT04 | E23: 44353 | F23: 107871 | G23: 50 | H23: ACTIVE | J23: =TRIM(CLEAN(A23)) -> EMP013 | K23: =TRIM(CLEAN(PROPER(B23))) -> Richard | L23: =TRIM(CLEAN(PROPER(C23))) -> Hernandez | M23: =_xlfn.TEXTJOIN(" ",TRUE,K23,L23) -> Richard Hernandez | N23: =_xlfn.XLOOKUP(O23,Lookup_Departments!$A$2:$A$7,Lookup_Departments!$B$2:$B$7,"Not Found") -> Marketing | O23: =IFERROR(VLOOKUP(D23,Lookup_Departments!$A$2:$B$7,1,FALSE),"Invalid") -> MKT04 | P23: =IF(ISNUMBER(E23),E23,DATE(RIGHT(E23,4),LEFT(E23,2),MID(E23,4,2))) -> 44353 | Q23: =DATEDIF(P23,TODAY(),"Y") -> 5 | R23: =IF(F23="",AVERAGEIF($D$2:$D$151,D23,$F$2:$F$151),F23) -> 107871 | S23: =IF(G23="",AVERAGE($G$2:$G$158),G23) -> 50 | T23: =_xlfn.XLOOKUP(S23,Lookup_Performance!$A$2:$A$6,Lookup_Performance!$C$2:$C$6,"Not Found",-1) -> Developing | U23: =_xlfn.XLOOKUP(S23,Lookup_Performance!$A$2:$A$6,Lookup_Performance!$D$2:$D$6,"Not Found",-1) -> 0.02 | V23: =TRIM(CLEAN(UPPER(H23))) -> ACTIVE
A24: EMP010 | B24: Michael | C24: Rodriguez | D24: IT02 | E24: 44815 | F24: 93956 | G24: 88 | H24: active | J24: =TRIM(CLEAN(A24)) -> EMP010 | K24: =TRIM(CLEAN(PROPER(B24))) -> Michael | L24: =TRIM(CLEAN(PROPER(C24))) -> Rodriguez | M24: =_xlfn.TEXTJOIN(" ",TRUE,K24,L24) -> Michael Rodriguez | N24: =_xlfn.XLOOKUP(O24,Lookup_Departments!$A$2:$A$7,Lookup_Departments!$B$2:$B$7,"Not Found") -> Information Technology | O24: =IFERROR(VLOOKUP(D24,Lookup_Departments!$A$2:$B$7,1,FALSE),"Invalid") -> IT02 | P24: =IF(ISNUMBER(E24),E24,DATE(RIGHT(E24,4),LEFT(E24,2),MID(E24,4,2))) -> 44815 | Q24: =DATEDIF(P24,TODAY(),"Y") -> 3 | R24: =IF(F24="",AVERAGEIF($D$2:$D$151,D24,$F$2:$F$151),F24) -> 93956 | S24: =IF(G24="",AVERAGE($G$2:$G$158),G24) -> 88 | T24: =_xlfn.XLOOKUP(S24,Lookup_Performance!$A$2:$A$6,Lookup_Performance!$C$2:$C$6,"Not Found",-1) -> Exceeding | U24: =_xlfn.XLOOKUP(S24,Lookup_Performance!$A$2:$A$6,Lookup_Performance!$D$2:$D$6,"Not Found",-1) -> 0.08 | V24: =TRIM(CLEAN(UPPER(H24))) -> ACTIVE
A25: EMP032 | B25: Jessica | C25: Johnson | D25: FIN03 | E25: 42565 | F25: 100851 | G25: 50 | H25: LEFT | J25: =TRIM(CLEAN(A25)) -> EMP032 | K25: =TRIM(CLEAN(PROPER(B25))) -> Jessica | L25: =TRIM(CLEAN(PROPER(C25))) -> Johnson | M25: =_xlfn.TEXTJOIN(" ",TRUE,K25,L25) -> Jessica Johnson | N25: =_xlfn.XLOOKUP(O25,Lookup_Departments!$A$2:$A$7,Lookup_Departments!$B$2:$B$7,"Not Found") -> Finance | O25: =IFERROR(VLOOKUP(D25,Lookup_Departments!$A$2:$B$7,1,FALSE),"Invalid") -> FIN03 | P25: =IF(ISNUMBER(E25),E25,DATE(RIGHT(E25,4),LEFT(E25,2),MID(E25,4,2))) -> 42565 | Q25: =DATEDIF(P25,TODAY(),"Y") -> 9 | R25: =IF(F25="",AVERAGEIF($D$2:$D$151,D25,$F$2:$F$151),F25) -> 100851 | S25: =IF(G25="",AVERAGE($G$2:$G$158),G25) -> 50 | T25: =_xlfn.XLOOKUP(S25,Lookup_Performance!$A$2:$A$6,Lookup_Performance!$C$2:$C$6,"Not Found",-1) -> Developing | U25: =_xlfn.XLOOKUP(S25,Lookup_Performance!$A$2:$A$6,Lookup_Performance!$D$2:$D$6,"Not Found",-1) -> 0.02 | V25: =TRIM(CLEAN(UPPER(H25))) -> LEFT
A26: EMP082 | B26: Ashley | C26: Williams | D26: SAL05 | E26: 44728 | F26: 68655 | G26: 64 | H26: ACTIVE | J26: =TRIM(CLEAN(A26)) -> EMP082 | K26: =TRIM(CLEAN(PROPER(B26))) -> Ashley | L26: =TRIM(CLEAN(PROPER(C26))) -> Williams | M26: =_xlfn.TEXTJOIN(" ",TRUE,K26,L26) -> Ashley Williams | N26: =_xlfn.XLOOKUP(O26,Lookup_Departments!$A$2:$A$7,Lookup_Departments!$B$2:$B$7,"Not Found") -> Sales | O26: =IFERROR(VLOOKUP(D26,Lookup_Departments!$A$2:$B$7,1,FALSE),"Invalid") -> SAL05 | P26: =IF(ISNUMBER(E26),E26,DATE(RIGHT(E26,4),LEFT(E26,2),MID(E26,4,2))) -> 44728 | Q26: =DATEDIF(P26,TODAY(),"Y") -> 4 | R26: =IF(F26="",AVERAGEIF($D$2:$D$151,D26,$F$2:$F$151),F26) -> 68655 | S26: =IF(G26="",AVERAGE($G$2:$G$158),G26) -> 64 | T26: =_xlfn.XLOOKUP(S26,Lookup_Performance!$A$2:$A$6,Lookup_Performance!$C$2:$C$6,"Not Found",-1) -> Developing | U26: =_xlfn.XLOOKUP(S26,Lookup_Performance!$A$2:$A$6,Lookup_Performance!$D$2:$D$6,"Not Found",-1) -> 0.02 | V26: =TRIM(CLEAN(UPPER(H26))) -> ACTIVE
A27: EMP052 | B27: Unknown | C27: Williams | D27: SAL05 | E27: 45134 | F27: 81205 | G27: 32 | H27: active | J27: =TRIM(CLEAN(A27)) -> EMP052 | K27: =TRIM(CLEAN(PROPER(B27))) -> Unknown | L27: =TRIM(CLEAN(PROPER(C27))) -> Williams | M27: =_xlfn.TEXTJOIN(" ",TRUE,K27,L27) -> Unknown Williams | N27: =_xlfn.XLOOKUP(O27,Lookup_Departments!$A$2:$A$7,Lookup_Departments!$B$2:$B$7,"Not Found") -> Sales | O27: =IFERROR(VLOOKUP(D27,Lookup_Departments!$A$2:$B$7,1,FALSE),"Invalid") -> SAL05 | P27: =IF(ISNUMBER(E27),E27,DATE(RIGHT(E27,4),LEFT(E27,2),MID(E27,4,2))) -> 45134 | Q27: =DATEDIF(P27,TODAY(),"Y") -> 2 | R27: =IF(F27="",AVERAGEIF($D$2:$D$151,D27,$F$2:$F$151),F27) -> 81205 | S27: =IF(G27="",AVERAGE($G$2:$G$158),G27) -> 32 | T27: =_xlfn.XLOOKUP(S27,Lookup_Performance!$A$2:$A$6,Lookup_Performance!$C$2:$C$6,"Not Found",-1) -> Needs Improvement | U27: =_xlfn.XLOOKUP(S27,Lookup_Performance!$A$2:$A$6,Lookup_Performance!$D$2:$D$6,"Not Found",-1) -> 0 | V27: =TRIM(CLEAN(UPPER(H27))) -> ACTIVE
A28: EMP129 | B28: John | C28: Wilson | D28: SAL05 | E28: 09/24/2019 | F28: 77610 | G28: 59 | H28: ACTIVE | J28: =TRIM(CLEAN(A28)) -> EMP129 | K28: =TRIM(CLEAN(PROPER(B28))) -> John | L28: =TRIM(CLEAN(PROPER(C28))) -> Wilson | M28: =_xlfn.TEXTJOIN(" ",TRUE,K28,L28) -> John Wilson | N28: =_xlfn.XLOOKUP(O28,Lookup_Departments!$A$2:$A$7,Lookup_Departments!$B$2:$B$7,"Not Found") -> Sales | O28: =IFERROR(VLOOKUP(D28,Lookup_Departments!$A$2:$B$7,1,FALSE),"Invalid") -> SAL05 | P28: =IF(ISNUMBER(E28),E28,DATE(RIGHT(E28,4),LEFT(E28,2),MID(E28,4,2))) -> 43732 | Q28: =DATEDIF(P28,TODAY(),"Y") -> 6 | R28: =IF(F28="",AVERAGEIF($D$2:$D$151,D28,$F$2:$F$151),F28) -> 77610 | S28: =IF(G28="",AVERAGE($G$2:$G$158),G28) -> 59 | T28: =_xlfn.XLOOKUP(S28,Lookup_Performance!$A$2:$A$6,Lookup_Performance!$C$2:$C$6,"Not Found",-1) -> Developing | U28: =_xlfn.XLOOKUP(S28,Lookup_Performance!$A$2:$A$6,Lookup_Performance!$D$2:$D$6,"Not Found",-1) -> 0.02 | V28: =TRIM(CLEAN(UPPER(H28))) -> ACTIVE
A29: EMP146 | B29: Thomas | C29: Rodriguez | D29: IT02 | E29: 44765 | F29: 50873 | G29: 88 | H29: ACTIVE | J29: =TRIM(CLEAN(A29)) -> EMP146 | K29: =TRIM(CLEAN(PROPER(B29))) -> Thomas | L29: =TRIM(CLEAN(PROPER(C29))) -> Rodriguez | M29: =_xlfn.TEXTJOIN(" ",TRUE,K29,L29) -> Thomas Rodriguez | N29: =_xlfn.XLOOKUP(O29,Lookup_Departments!$A$2:$A$7,Lookup_Departments!$B$2:$B$7,"Not Found") -> Information Technology | O29: =IFERROR(VLOOKUP(D29,Lookup_Departments!$A$2:$B$7,1,FALSE),"Invalid") -> IT02 | P29: =IF(ISNUMBER(E29),E29,DATE(RIGHT(E29,4),LEFT(E29,2),MID(E29,4,2))) -> 44765 | Q29: =DATEDIF(P29,TODAY(),"Y") -> 3 | R29: =IF(F29="",AVERAGEIF($D$2:$D$151,D29,$F$2:$F$151),F29) -> 50873 | S29: =IF(G29="",AVERAGE($G$2:$G$158),G29) -> 88 | T29: =_xlfn.XLOOKUP(S29,Lookup_Performance!$A$2:$A$6,Lookup_Performance!$C$2:$C$6,"Not Found",-1) -> Exceeding | U29: =_xlfn.XLOOKUP(S29,Lookup_Performance!$A$2:$A$6,Lookup_Performance!$D$2:$D$6,"Not Found",-1) -> 0.08 | V29: =TRIM(CLEAN(UPPER(H29))) -> ACTIVE
A30: EMP099 | B30: Michael | C30: Wilson | D30: FIN03 | E30: 43233 | F30: 85312 | G30: 90 | H30: Active | J30: =TRIM(CLEAN(A30)) -> EMP099 | K30: =TRIM(CLEAN(PROPER(B30))) -> Michael | L30: =TRIM(CLEAN(PROPER(C30))) -> Wilson | M30: =_xlfn.TEXTJOIN(" ",TRUE,K30,L30) -> Michael Wilson | N30: =_xlfn.XLOOKUP(O30,Lookup_Departments!$A$2:$A$7,Lookup_Departments!$B$2:$B$7,"Not Found") -> Finance | O30: =IFERROR(VLOOKUP(D30,Lookup_Departments!$A$2:$B$7,1,FALSE),"Invalid") -> FIN03 | P30: =IF(ISNUMBER(E30),E30,DATE(RIGHT(E30,4),LEFT(E30,2),MID(E30,4,2))) -> 43233 | Q30: =DATEDIF(P30,TODAY(),"Y") -> 8 | R30: =IF(F30="",AVERAGEIF($D$2:$D$151,D30,$F$2:$F$151),F30) -> 85312 | S30: =IF(G30="",AVERAGE($G$2:$G$158),G30) -> 90 | T30: =_xlfn.XLOOKUP(S30,Lookup_Performance!$A$2:$A$6,Lookup_Performance!$C$2:$C$6,"Not Found",-1) -> Exceeding | U30: =_xlfn.XLOOKUP(S30,Lookup_Performance!$A$2:$A$6,Lookup_Performance!$D$2:$D$6,"Not Found",-1) -> 0.08 | V30: =TRIM(CLEAN(UPPER(H30))) -> ACTIVE
A31: EMP015 | B31: John | C31: Rodriguez | D31: SAL05 | E31: 42202 | G31: 66 | H31: active | J31: =TRIM(CLEAN(A31)) -> EMP015 | K31: =TRIM(CLEAN(PROPER(B31))) -> John | L31: =TRIM(CLEAN(PROPER(C31))) -> Rodriguez | M31: =_xlfn.TEXTJOIN(" ",TRUE,K31,L31) -> John Rodriguez | N31: =_xlfn.XLOOKUP(O31,Lookup_Departments!$A$2:$A$7,Lookup_Departments!$B$2:$B$7,"Not Found") -> Sales | O31: =IFERROR(VLOOKUP(D31,Lookup_Departments!$A$2:$B$7,1,FALSE),"Invalid") -> SAL05 | P31: =IF(ISNUMBER(E31),E31,DATE(RIGHT(E31,4),LEFT(E31,2),MID(E31,4,2))) -> 42202 | Q31: =DATEDIF(P31,TODAY(),"Y") -> 10 | R31: =IF(F31="",AVERAGEIF($D$2:$D$151,D31,$F$2:$F$151),F31) -> 87282.348 | S31: =IF(G31="",AVERAGE($G$2:$G$158),G31) -> 66 | T31: =_xlfn.XLOOKUP(S31,Lookup_Performance!$A$2:$A$6,Lookup_Performance!$C$2:$C$6,"Not Found",-1) -> Developing | U31: =_xlfn.XLOOKUP(S31,Lookup_Performance!$A$2:$A$6,Lookup_Performance!$D$2:$D$6,"Not Found",-1) -> 0.02 | V31: =TRIM(CLEAN(UPPER(H31))) -> ACTIVE
A32: EMP076 | B32: Thomas | C32: Hernandez | D32: OPS06 | E32: 42221 | F32: 97055 | G32: 68 | H32: active | J32: =TRIM(CLEAN(A32)) -> EMP076 | K32: =TRIM(CLEAN(PROPER(B32))) -> Thomas | L32: =TRIM(CLEAN(PROPER(C32))) -> Hernandez | M32: =_xlfn.TEXTJOIN(" ",TRUE,K32,L32) -> Thomas Hernandez | N32: =_xlfn.XLOOKUP(O32,Lookup_Departments!$A$2:$A$7,Lookup_Departments!$B$2:$B$7,"Not Found") -> Operations | O32: =IFERROR(VLOOKUP(D32,Lookup_Departments!$A$2:$B$7,1,FALSE),"Invalid") -> OPS06 | P32: =IF(ISNUMBER(E32),E32,DATE(RIGHT(E32,4),LEFT(E32,2),MID(E32,4,2))) -> 42221 | Q32: =DATEDIF(P32,TODAY(),"Y") -> 10 | R32: =IF(F32="",AVERAGEIF($D$2:$D$151,D32,$F$2:$F$151),F32) -> 97055 | S32: =IF(G32="",AVERAGE($G$2:$G$158),G32) -> 68 | T32: =_xlfn.XLOOKUP(S32,Lookup_Performance!$A$2:$A$6,Lookup_Performance!$C$2:$C$6,"Not Found",-1) -> Developing | U32: =_xlfn.XLOOKUP(S32,Lookup_Performance!$A$2:$A$6,Lookup_Performance!$D$2:$D$6,"Not Found",-1) -> 0.02 | V32: =TRIM(CLEAN(UPPER(H32))) -> ACTIVE
A33: EMP137 | B33: Michael | C33: Johnson | D33: IT02 | E33: 45195 | F33: 66069 | G33: 80 | H33: ACTIVE | J33: =TRIM(CLEAN(A33)) -> EMP137 | K33: =TRIM(CLEAN(PROPER(B33))) -> Michael | L33: =TRIM(CLEAN(PROPER(C33))) -> Johnson | M33: =_xlfn.TEXTJOIN(" ",TRUE,K33,L33) -> Michael Johnson | N33: =_xlfn.XLOOKUP(O33,Lookup_Departments!$A$2:$A$7,Lookup_Departments!$B$2:$B$7,"Not Found") -> Information Technology | O33: =IFERROR(VLOOKUP(D33,Lookup_Departments!$A$2:$B$7,1,FALSE),"Invalid") -> IT02 | P33: =IF(ISNUMBER(E33),E33,DATE(RIGHT(E33,4),LEFT(E33,2),MID(E33,4,2))) -> 45195 | Q33: =DATEDIF(P33,TODAY(),"Y") -> 2 | R33: =IF(F33="",AVERAGEIF($D$2:$D$151,D33,$F$2:$F$151),F33) -> 66069 | S33: =IF(G33="",AVERAGE($G$2:$G$158),G33) -> 80 | T33: =_xlfn.XLOOKUP(S33,Lookup_Performance!$A$2:$A$6,Lookup_Performance!$C$2:$C$6,"Not Found",-1) -> Achieving | U33: =_xlfn.XLOOKUP(S33,Lookup_Performance!$A$2:$A$6,Lookup_Performance!$D$2:$D$6,"Not Found",-1) -> 0.05 | V33: =TRIM(CLEAN(UPPER(H33))) -> ACTIVE
A34: EMP056 | B34: Sarah | C34: Brown | D34: IT02 | E34: 43626 | F34: 90157 | G34: 72 | H34: ACTIVE | J34: =TRIM(CLEAN(A34)) -> EMP056 | K34: =TRIM(CLEAN(PROPER(B34))) -> Sarah | L34: =TRIM(CLEAN(PROPER(C34))) -> Brown | M34: =_xlfn.TEXTJOIN(" ",TRUE,K34,L34) -> Sarah Brown | N34: =_xlfn.XLOOKUP(O34,Lookup_Departments!$A$2:$A$7,Lookup_Departments!$B$2:$B$7,"Not Found") -> Information Technology | O34: =IFERROR(VLOOKUP(D34,Lookup_Departments!$A$2:$B$7,1,FALSE),"Invalid") -> IT02 | P34: =IF(ISNUMBER(E34),E34,DATE(RIGHT(E34,4),LEFT(E34,2),MID(E34,4,2))) -> 43626 | Q34: =DATEDIF(P34,TODAY(),"Y") -> 7 | R34: =IF(F34="",AVERAGEIF($D$2:$D$151,D34,$F$2:$F$151),F34) -> 90157 | S34: =IF(G34="",AVERAGE($G$2:$G$158),G34) -> 72 | T34: =_xlfn.XLOOKUP(S34,Lookup_Performance!$A$2:$A$6,Lookup_Performance!$C$2:$C$6,"Not Found",-1) -> Achieving | U34: =_xlfn.XLOOKUP(S34,Lookup_Performance!$A$2:$A$6,Lookup_Performance!$D$2:$D$6,"Not Found",-1) -> 0.05 | V34: =TRIM(CLEAN(UPPER(H34))) -> ACTIVE
A35: EMP125 | B35: Jane | C35: Martinez | D35: HR01 | E35: 44578 | F35: 59899 | G35: 58 | H35: active | J35: =TRIM(CLEAN(A35)) -> EMP125 | K35: =TRIM(CLEAN(PROPER(B35))) -> Jane | L35: =TRIM(CLEAN(PROPER(C35))) -> Martinez | M35: =_xlfn.TEXTJOIN(" ",TRUE,K35,L35) -> Jane Martinez | N35: =_xlfn.XLOOKUP(O35,Lookup_Departments!$A$2:$A$7,Lookup_Departments!$B$2:$B$7,"Not Found") -> Human Resources | O35: =IFERROR(VLOOKUP(D35,Lookup_Departments!$A$2:$B$7,1,FALSE),"Invalid") -> HR01 | P35: =IF(ISNUMBER(E35),E35,DATE(RIGHT(E35,4),LEFT(E35,2),MID(E35,4,2))) -> 44578 | Q35: =DATEDIF(P35,TODAY(),"Y") -> 4 | R35: =IF(F35="",AVERAGEIF($D$2:$D$151,D35,$F$2:$F$151),F35) -> 59899 | S35: =IF(G35="",AVERAGE($G$2:$G$158),G35) -> 58 | T35: =_xlfn.XLOOKUP(S35,Lookup_Performance!$A$2:$A$6,Lookup_Performance!$C$2:$C$6,"Not Found",-1) -> Developing | U35: =_xlfn.XLOOKUP(S35,Lookup_Performance!$A$2:$A$6,Lookup_Performance!$D$2:$D$6,"Not Found",-1) -> 0.02 | V35: =TRIM(CLEAN(UPPER(H35))) -> ACTIVE
A36: EMP085 | B36: Emily | C36: Jones | D36: FIN03 | E36: 42919 | F36: 113389 | G36: 78 | H36: ACTIVE | J36: =TRIM(CLEAN(A36)) -> EMP085 | K36: =TRIM(CLEAN(PROPER(B36))) -> Emily | L36: =TRIM(CLEAN(PROPER(C36))) -> Jones | M36: =_xlfn.TEXTJOIN(" ",TRUE,K36,L36) -> Emily Jones | N36: =_xlfn.XLOOKUP(O36,Lookup_Departments!$A$2:$A$7,Lookup_Departments!$B$2:$B$7,"Not Found") -> Finance | O36: =IFERROR(VLOOKUP(D36,Lookup_Departments!$A$2:$B$7,1,FALSE),"Invalid") -> FIN03 | P36: =IF(ISNUMBER(E36),E36,DATE(RIGHT(E36,4),LEFT(E36,2),MID(E36,4,2))) -> 42919 | Q36: =DATEDIF(P36,TODAY(),"Y") -> 9 | R36: =IF(F36="",AVERAGEIF($D$2:$D$151,D36,$F$2:$F$151),F36) -> 113389 | S36: =IF(G36="",AVERAGE($G$2:$G$158),G36) -> 78 | T36: =_xlfn.XLOOKUP(S36,Lookup_Performance!$A$2:$A$6,Lookup_Performance!$C$2:$C$6,"Not Found",-1) -> Achieving | U36: =_xlfn.XLOOKUP(S36,Lookup_Performance!$A$2:$A$6,Lookup_Performance!$D$2:$D$6,"Not Found",-1) -> 0.05 | V36: =TRIM(CLEAN(UPPER(H36))) -> ACTIVE
A37: EMP106 | B37: Unknown | C37: Brown | D37: IT02 | E37: 42248 | F37: 102691 | G37: 30 | H37: ACTIVE | J37: =TRIM(CLEAN(A37)) -> EMP106 | K37: =TRIM(CLEAN(PROPER(B37))) -> Unknown | L37: =TRIM(CLEAN(PROPER(C37))) -> Brown | M37: =_xlfn.TEXTJOIN(" ",TRUE,K37,L37) -> Unknown Brown | N37: =_xlfn.XLOOKUP(O37,Lookup_Departments!$A$2:$A$7,Lookup_Departments!$B$2:$B$7,"Not Found") -> Information Technology | O37: =IFERROR(VLOOKUP(D37,Lookup_Departments!$A$2:$B$7,1,FALSE),"Invalid") -> IT02 | P37: =IF(ISNUMBER(E37),E37,DATE(RIGHT(E37,4),LEFT(E37,2),MID(E37,4,2))) -> 42248 | Q37: =DATEDIF(P37,TODAY(),"Y") -> 10 | R37: =IF(F37="",AVERAGEIF($D$2:$D$151,D37,$F$2:$F$151),F37) -> 102691 | S37: =IF(G37="",AVERAGE($G$2:$G$158),G37) -> 30 | T37: =_xlfn.XLOOKUP(S37,Lookup_Performance!$A$2:$A$6,Lookup_Performance!$C$2:$C$6,"Not Found",-1) -> Needs Improvement | U37: =_xlfn.XLOOKUP(S37,Lookup_Performance!$A$2:$A$6,Lookup_Performance!$D$2:$D$6,"Not Found",-1) -> 0 | V37: =TRIM(CLEAN(UPPER(H37))) -> ACTIVE
A38: EMP043 | B38: John | C38: Wilson | D38: OPS06 | E38: 44776 | F38: 111845 | G38: 52 | H38: Active | J38: =TRIM(CLEAN(A38)) -> EMP043 | K38: =TRIM(CLEAN(PROPER(B38))) -> John | L38: =TRIM(CLEAN(PROPER(C38))) -> Wilson | M38: =_xlfn.TEXTJOIN(" ",TRUE,K38,L38) -> John Wilson | N38: =_xlfn.XLOOKUP(O38,Lookup_Departments!$A$2:$A$7,Lookup_Departments!$B$2:$B$7,"Not Found") -> Operations | O38: =IFERROR(VLOOKUP(D38,Lookup_Departments!$A$2:$B$7,1,FALSE),"Invalid") -> OPS06 | P38: =IF(ISNUMBER(E38),E38,DATE(RIGHT(E38,4),LEFT(E38,2),MID(E38,4,2))) -> 44776 | Q38: =DATEDIF(P38,TODAY(),"Y") -> 3 | R38: =IF(F38="",AVERAGEIF($D$2:$D$151,D38,$F$2:$F$151),F38) -> 111845 | S38: =IF(G38="",AVERAGE($G$2:$G$158),G38) -> 52 | T38: =_xlfn.XLOOKUP(S38,Lookup_Performance!$A$2:$A$6,Lookup_Performance!$C$2:$C$6,"Not Found",-1) -> Developing | U38: =_xlfn.XLOOKUP(S38,Lookup_Performance!$A$2:$A$6,Lookup_Performance!$D$2:$D$6,"Not Found",-1) -> 0.02 | V38: =TRIM(CLEAN(UPPER(H38))) -> ACTIVE
A39: EMP068 | B39: Melissa | C39: Brown | D39: SAL05 | E39: 06/29/2022 | F39: 69219 | G39: 98 | H39: active | J39: =TRIM(CLEAN(A39)) -> EMP068 | K39: =TRIM(CLEAN(PROPER(B39))) -> Melissa | L39: =TRIM(CLEAN(PROPER(C39))) -> Brown | M39: =_xlfn.TEXTJOIN(" ",TRUE,K39,L39) -> Melissa Brown | N39: =_xlfn.XLOOKUP(O39,Lookup_Departments!$A$2:$A$7,Lookup_Departments!$B$2:$B$7,"Not Found") -> Sales | O39: =IFERROR(VLOOKUP(D39,Lookup_Departments!$A$2:$B$7,1,FALSE),"Invalid") -> SAL05 | P39: =IF(ISNUMBER(E39),E39,DATE(RIGHT(E39,4),LEFT(E39,2),MID(E39,4,2))) -> 44741 | Q39: =DATEDIF(P39,TODAY(),"Y") -> 4 | R39: =IF(F39="",AVERAGEIF($D$2:$D$151,D39,$F$2:$F$151),F39) -> 69219 | S39: =IF(G39="",AVERAGE($G$2:$G$158),G39) -> 98 | T39: =_xlfn.XLOOKUP(S39,Lookup_Performance!$A$2:$A$6,Lookup_Performance!$C$2:$C$6,"Not Found",-1) -> Outstanding | U39: =_xlfn.XLOOKUP(S39,Lookup_Performance!$A$2:$A$6,Lookup_Performance!$D$2:$D$6,"Not Found",-1) -> 0.12 | V39: =TRIM(CLEAN(UPPER(H39))) -> ACTIVE
A40: EMP128 | B40: Michael | C40: Smith | D40: FIN03 | E40: 43949 | G40: 93 | H40: ACTIVE | J40: =TRIM(CLEAN(A40)) -> EMP128 | K40: =TRIM(CLEAN(PROPER(B40))) -> Michael | L40: =TRIM(CLEAN(PROPER(C40))) -> Smith | M40: =_xlfn.TEXTJOIN(" ",TRUE,K40,L40) -> Michael Smith | N40: =_xlfn.XLOOKUP(O40,Lookup_Departments!$A$2:$A$7,Lookup_Departments!$B$2:$B$7,"Not Found") -> Finance | O40: =IFERROR(VLOOKUP(D40,Lookup_Departments!$A$2:$B$7,1,FALSE),"Invalid") -> FIN03 | P40: =IF(ISNUMBER(E40),E40,DATE(RIGHT(E40,4),LEFT(E40,2),MID(E40,4,2))) -> 43949 | Q40: =DATEDIF(P40,TODAY(),"Y") -> 6 | R40: =IF(F40="",AVERAGEIF($D$2:$D$151,D40,$F$2:$F$151),F40) -> 87938.5 | S40: =IF(G40="",AVERAGE($G$2:$G$158),G40) -> 93 | T40: =_xlfn.XLOOKUP(S40,Lookup_Performance!$A$2:$A$6,Lookup_Performance!$C$2:$C$6,"Not Found",-1) -> Exceeding | U40: =_xlfn.XLOOKUP(S40,Lookup_Performance!$A$2:$A$6,Lookup_Performance!$D$2:$D$6,"Not Found",-1) -> 0.08 | V40: =TRIM(CLEAN(UPPER(H40))) -> ACTIVE
A41: EMP027 | B41: Sarah | C41: Miller | D41: OPS06 | E41: 42987 | F41: 57514 | G41: 80 | H41: left | J41: =TRIM(CLEAN(A41)) -> EMP027 | K41: =TRIM(CLEAN(PROPER(B41))) -> Sarah | L41: =TRIM(CLEAN(PROPER(C41))) -> Miller | M41: =_xlfn.TEXTJOIN(" ",TRUE,K41,L41) -> Sarah Miller | N41: =_xlfn.XLOOKUP(O41,Lookup_Departments!$A$2:$A$7,Lookup_Departments!$B$2:$B$7,"Not Found") -> Operations | O41: =IFERROR(VLOOKUP(D41,Lookup_Departments!$A$2:$B$7,1,FALSE),"Invalid") -> OPS06 | P41: =IF(ISNUMBER(E41),E41,DATE(RIGHT(E41,4),LEFT(E41,2),MID(E41,4,2))) -> 42987 | Q41: =DATEDIF(P41,TODAY(),"Y") -> 8 | R41: =IF(F41="",AVERAGEIF($D$2:$D$151,D41,$F$2:$F$151),F41) -> 57514 | S41: =IF(G41="",AVERAGE($G$2:$G$158),G41) -> 80 | T41: =_xlfn.XLOOKUP(S41,Lookup_Performance!$A$2:$A$6,Lookup_Performance!$C$2:$C$6,"Not Found",-1) -> Achieving | U41: =_xlfn.XLOOKUP(S41,Lookup_Performance!$A$2:$A$6,Lookup_Performance!$D$2:$D$6,"Not Found",-1) -> 0.05 | V41: =TRIM(CLEAN(UPPER(H41))) -> LEFT
A42: EMP136 | B42: Emily | C42: Wilson | D42: SAL05 | E42: 43181 | F42: 86245 | H42: active | J42: =TRIM(CLEAN(A42)) -> EMP136 | K42: =TRIM(CLEAN(PROPER(B42))) -> Emily | L42: =TRIM(CLEAN(PROPER(C42))) -> Wilson | M42: =_xlfn.TEXTJOIN(" ",TRUE,K42,L42) -> Emily Wilson | N42: =_xlfn.XLOOKUP(O42,Lookup_Departments!$A$2:$A$7,Lookup_Departments!$B$2:$B$7,"Not Found") -> Sales | O42: =IFERROR(VLOOKUP(D42,Lookup_Departments!$A$2:$B$7,1,FALSE),"Invalid") -> SAL05 | P42: =IF(ISNUMBER(E42),E42,DATE(RIGHT(E42,4),LEFT(E42,2),MID(E42,4,2))) -> 43181 | Q42: =DATEDIF(P42,TODAY(),"Y") -> 8 | R42: =IF(F42="",AVERAGEIF($D$2:$D$151,D42,$F$2:$F$151),F42) -> 86245 | S42: =IF(G42="",AVERAGE($G$2:$G$158),G42) -> 68.219858 | T42: =_xlfn.XLOOKUP(S42,Lookup_Performance!$A$2:$A$6,Lookup_Performance!$C$2:$C$6,"Not Found",-1) -> Developing | U42: =_xlfn.XLOOKUP(S42,Lookup_Performance!$A$2:$A$6,Lookup_Performance!$D$2:$D$6,"Not Found",-1) -> 0.02 | V42: =TRIM(CLEAN(UPPER(H42))) -> ACTIVE
A43: EMP079 | B43: David | C43: Hernandez | D43: SAL05 | E43: 43958 | F43: 52407 | G43: 71 | H43: LEFT | J43: =TRIM(CLEAN(A43)) -> EMP079 | K43: =TRIM(CLEAN(PROPER(B43))) -> David | L43: =TRIM(CLEAN(PROPER(C43))) -> Hernandez | M43: =_xlfn.TEXTJOIN(" ",TRUE,K43,L43) -> David Hernandez | N43: =_xlfn.XLOOKUP(O43,Lookup_Departments!$A$2:$A$7,Lookup_Departments!$B$2:$B$7,"Not Found") -> Sales | O43: =IFERROR(VLOOKUP(D43,Lookup_Departments!$A$2:$B$7,1,FALSE),"Invalid") -> SAL05 | P43: =IF(ISNUMBER(E43),E43,DATE(RIGHT(E43,4),LEFT(E43,2),MID(E43,4,2))) -> 43958 | Q43: =DATEDIF(P43,TODAY(),"Y") -> 6 | R43: =IF(F43="",AVERAGEIF($D$2:$D$151,D43,$F$2:$F$151),F43) -> 52407 | S43: =IF(G43="",AVERAGE($G$2:$G$158),G43) -> 71 | T43: =_xlfn.XLOOKUP(S43,Lookup_Performance!$A$2:$A$6,Lookup_Performance!$C$2:$C$6,"Not Found",-1) -> Achieving | U43: =_xlfn.XLOOKUP(S43,Lookup_Performance!$A$2:$A$6,Lookup_Performance!$D$2:$D$6,"Not Found",-1) -> 0.05 | V43: =TRIM(CLEAN(UPPER(H43))) -> LEFT
A44: EMP149 | B44: James | C44: Smith | D44: OPS06 | E44: 43549 | F44: 66606 | G44: 55 | H44: active | J44: =TRIM(CLEAN(A44)) -> EMP149 | K44: =TRIM(CLEAN(PROPER(B44))) -> James | L44: =TRIM(CLEAN(PROPER(C44))) -> Smith | M44: =_xlfn.TEXTJOIN(" ",TRUE,K44,L44) -> James Smith | N44: =_xlfn.XLOOKUP(O44,Lookup_Departments!$A$2:$A$7,Lookup_Departments!$B$2:$B$7,"Not Found") -> Operations | O44: =IFERROR(VLOOKUP(D44,Lookup_Departments!$A$2:$B$7,1,FALSE),"Invalid") -> OPS06 | P44: =IF(ISNUMBER(E44),E44,DATE(RIGHT(E44,4),LEFT(E44,2),MID(E44,4,2))) -> 43549 | Q44: =DATEDIF(P44,TODAY(),"Y") -> 7 | R44: =IF(F44="",AVERAGEIF($D$2:$D$151,D44,$F$2:$F$151),F44) -> 66606 | S44: =IF(G44="",AVERAGE($G$2:$G$158),G44) -> 55 | T44: =_xlfn.XLOOKUP(S44,Lookup_Performance!$A$2:$A$6,Lookup_Performance!$C$2:$C$6,"Not Found",-1) -> Developing | U44: =_xlfn.XLOOKUP(S44,Lookup_Performance!$A$2:$A$6,Lookup_Performance!$D$2:$D$6,"Not Found",-1) -> 0.02 | V44: =TRIM(CLEAN(UPPER(H44))) -> ACTIVE
A45: EMP037 | B45: Sarah | C45: Williams | D45: IT02 | E45: 43686 | F45: 81896 | G45: 93 | H45: Resigned | J45: =TRIM(CLEAN(A45)) -> EMP037 | K45: =TRIM(CLEAN(PROPER(B45))) -> Sarah | L45: =TRIM(CLEAN(PROPER(C45))) -> Williams | M45: =_xlfn.TEXTJOIN(" ",TRUE,K45,L45) -> Sarah Williams | N45: =_xlfn.XLOOKUP(O45,Lookup_Departments!$A$2:$A$7,Lookup_Departments!$B$2:$B$7,"Not Found") -> Information Technology | O45: =IFERROR(VLOOKUP(D45,Lookup_Departments!$A$2:$B$7,1,FALSE),"Invalid") -> IT02 | P45: =IF(ISNUMBER(E45),E45,DATE(RIGHT(E45,4),LEFT(E45,2),MID(E45,4,2))) -> 43686 | Q45: =DATEDIF(P45,TODAY(),"Y") -> 6 | R45: =IF(F45="",AVERAGEIF($D$2:$D$151,D45,$F$2:$F$151),F45) -> 81896 | S45: =IF(G45="",AVERAGE($G$2:$G$158),G45) -> 93 | T45: =_xlfn.XLOOKUP(S45,Lookup_Performance!$A$2:$A$6,Lookup_Performance!$C$2:$C$6,"Not Found",-1) -> Exceeding | U45: =_xlfn.XLOOKUP(S45,Lookup_Performance!$A$2:$A$6,Lookup_Performance!$D$2:$D$6,"Not Found",-1) -> 0.08 | V45: =TRIM(CLEAN(UPPER(H45))) -> RESIGNED
A46: EMP077 | B46: Amanda | C46: Lopez | D46: SAL05 | E46: 07/14/2016 | F46: 78402 | G46: 79 | H46: Resigned | J46: =TRIM(CLEAN(A46)) -> EMP077 | K46: =TRIM(CLEAN(PROPER(B46))) -> Amanda | L46: =TRIM(CLEAN(PROPER(C46))) -> Lopez | M46: =_xlfn.TEXTJOIN(" ",TRUE,K46,L46) -> Amanda Lopez | N46: =_xlfn.XLOOKUP(O46,Lookup_Departments!$A$2:$A$7,Lookup_Departments!$B$2:$B$7,"Not Found") -> Sales | O46: =IFERROR(VLOOKUP(D46,Lookup_Departments!$A$2:$B$7,1,FALSE),"Invalid") -> SAL05 | P46: =IF(ISNUMBER(E46),E46,DATE(RIGHT(E46,4),LEFT(E46,2),MID(E46,4,2))) -> 42565 | Q46: =DATEDIF(P46,TODAY(),"Y") -> 9 | R46: =IF(F46="",AVERAGEIF($D$2:$D$151,D46,$F$2:$F$151),F46) -> 78402 | S46: =IF(G46="",AVERAGE($G$2:$G$158),G46) -> 79 | T46: =_xlfn.XLOOKUP(S46,Lookup_Performance!$A$2:$A$6,Lookup_Performance!$C$2:$C$6,"Not Found",-1) -> Achieving | U46: =_xlfn.XLOOKUP(S46,Lookup_Performance!$A$2:$A$6,Lookup_Performance!$D$2:$D$6,"Not Found",-1) -> 0.05 | V46: =TRIM(CLEAN(UPPER(H46))) -> RESIGNED
A47: EMP023 | B47: Thomas | C47: Lopez | D47: OPS06 | E47: 42647 | F47: 105498 | G47: 54 | H47: ACTIVE | J47: =TRIM(CLEAN(A47)) -> EMP023 | K47: =TRIM(CLEAN(PROPER(B47))) -> Thomas | L47: =TRIM(CLEAN(PROPER(C47))) -> Lopez | M47: =_xlfn.TEXTJOIN(" ",TRUE,K47,L47) -> Thomas Lopez | N47: =_xlfn.XLOOKUP(O47,Lookup_Departments!$A$2:$A$7,Lookup_Departments!$B$2:$B$7,"Not Found") -> Operations | O47: =IFERROR(VLOOKUP(D47,Lookup_Departments!$A$2:$B$7,1,FALSE),"Invalid") -> OPS06 | P47: =IF(ISNUMBER(E47),E47,DATE(RIGHT(E47,4),LEFT(E47,2),MID(E47,4,2))) -> 42647 | Q47: =DATEDIF(P47,TODAY(),"Y") -> 9 | R47: =IF(F47="",AVERAGEIF($D$2:$D$151,D47,$F$2:$F$151),F47) -> 105498 | S47: =IF(G47="",AVERAGE($G$2:$G$158),G47) -> 54 | T47: =_xlfn.XLOOKUP(S47,Lookup_Performance!$A$2:$A$6,Lookup_Performance!$C$2:$C$6,"Not Found",-1) -> Developing | U47: =_xlfn.XLOOKUP(S47,Lookup_Performance!$A$2:$A$6,Lookup_Performance!$D$2:$D$6,"Not Found",-1) -> 0.02 | V47: =TRIM(CLEAN(UPPER(H47))) -> ACTIVE
A48: EMP133 | B48: Melissa | C48: Johnson | D48: MKT04 | E48: 43656 | F48: 91749 | G48: 76 | H48: active | J48: =TRIM(CLEAN(A48)) -> EMP133 | K48: =TRIM(CLEAN(PROPER(B48))) -> Melissa | L48: =TRIM(CLEAN(PROPER(C48))) -> Johnson | M48: =_xlfn.TEXTJOIN(" ",TRUE,K48,L48) -> Melissa Johnson | N48: =_xlfn.XLOOKUP(O48,Lookup_Departments!$A$2:$A$7,Lookup_Departments!$B$2:$B$7,"Not Found") -> Marketing | O48: =IFERROR(VLOOKUP(D48,Lookup_Departments!$A$2:$B$7,1,FALSE),"Invalid") -> MKT04 | P48: =IF(ISNUMBER(E48),E48,DATE(RIGHT(E48,4),LEFT(E48,2),MID(E48,4,2))) -> 43656 | Q48: =DATEDIF(P48,TODAY(),"Y") -> 7 | R48: =IF(F48="",AVERAGEIF($D$2:$D$151,D48,$F$2:$F$151),F48) -> 91749 | S48: =IF(G48="",AVERAGE($G$2:$G$158),G48) -> 76 | T48: =_xlfn.XLOOKUP(S48,Lookup_Performance!$A$2:$A$6,Lookup_Performance!$C$2:$C$6,"Not Found",-1) -> Achieving | U48: =_xlfn.XLOOKUP(S48,Lookup_Performance!$A$2:$A$6,Lookup_Performance!$D$2:$D$6,"Not Found",-1) -> 0.05 | V48: =TRIM(CLEAN(UPPER(H48))) -> ACTIVE
A49: EMP141 | B49: Amanda | C49: Johnson | D49: OPS06 | E49: 44437 | F49: 99935 | G49: 72 | H49: left | J49: =TRIM(CLEAN(A49)) -> EMP141 | K49: =TRIM(CLEAN(PROPER(B49))) -> Amanda | L49: =TRIM(CLEAN(PROPER(C49))) -> Johnson | M49: =_xlfn.TEXTJOIN(" ",TRUE,K49,L49) -> Amanda Johnson | N49: =_xlfn.XLOOKUP(O49,Lookup_Departments!$A$2:$A$7,Lookup_Departments!$B$2:$B$7,"Not Found") -> Operations | O49: =IFERROR(VLOOKUP(D49,Lookup_Departments!$A$2:$B$7,1,FALSE),"Invalid") -> OPS06 | P49: =IF(ISNUMBER(E49),E49,DATE(RIGHT(E49,4),LEFT(E49,2),MID(E49,4,2))) -> 44437 | Q49: =DATEDIF(P49,TODAY(),"Y") -> 4 | R49: =IF(F49="",AVERAGEIF($D$2:$D$151,D49,$F$2:$F$151),F49) -> 99935 | S49: =IF(G49="",AVERAGE($G$2:$G$158),G49) -> 72 | T49: =_xlfn.XLOOKUP(S49,Lookup_Performance!$A$2:$A$6,Lookup_Performance!$C$2:$C$6,"Not Found",-1) -> Achieving | U49: =_xlfn.XLOOKUP(S49,Lookup_Performance!$A$2:$A$6,Lookup_Performance!$D$2:$D$6,"Not Found",-1) -> 0.05 | V49: =TRIM(CLEAN(UPPER(H49))) -> LEFT
A50: EMP012 | B50: John | C50: Davis | D50: IT02 | E50: 42761 | F50: 83531 | G50: 84 | H50: Resigned | J50: =TRIM(CLEAN(A50)) -> EMP012 | K50: =TRIM(CLEAN(PROPER(B50))) -> John | L50: =TRIM(CLEAN(PROPER(C50))) -> Davis | M50: =_xlfn.TEXTJOIN(" ",TRUE,K50,L50) -> John Davis | N50: =_xlfn.XLOOKUP(O50,Lookup_Departments!$A$2:$A$7,Lookup_Departments!$B$2:$B$7,"Not Found") -> Information Technology | O50: =IFERROR(VLOOKUP(D50,Lookup_Departments!$A$2:$B$7,1,FALSE),"Invalid") -> IT02 | P50: =IF(ISNUMBER(E50),E50,DATE(RIGHT(E50,4),LEFT(E50,2),MID(E50,4,2))) -> 42761 | Q50: =DATEDIF(P50,TODAY(),"Y") -> 9 | R50: =IF(F50="",AVERAGEIF($D$2:$D$151,D50,$F$2:$F$151),F50) -> 83531 | S50: =IF(G50="",AVERAGE($G$2:$G$158),G50) -> 84 | T50: =_xlfn.XLOOKUP(S50,Lookup_Performance!$A$2:$A$6,Lookup_Performance!$C$2:$C$6,"Not Found",-1) -> Achieving | U50: =_xlfn.XLOOKUP(S50,Lookup_Performance!$A$2:$A$6,Lookup_Performance!$D$2:$D$6,"Not Found",-1) -> 0.05 | V50: =TRIM(CLEAN(UPPER(H50))) -> RESIGNED
A51: EMP080 | B51: James | C51: Johnson | D51: MKT04 | E51: 43981 | F51: 75023 | G51: 30 | H51: left | J51: =TRIM(CLEAN(A51)) -> EMP080 | K51: =TRIM(CLEAN(PROPER(B51))) -> James | L51: =TRIM(CLEAN(PROPER(C51))) -> Johnson | M51: =_xlfn.TEXTJOIN(" ",TRUE,K51,L51) -> James Johnson | N51: =_xlfn.XLOOKUP(O51,Lookup_Departments!$A$2:$A$7,Lookup_Departments!$B$2:$B$7,"Not Found") -> Marketing | O51: =IFERROR(VLOOKUP(D51,Lookup_Departments!$A$2:$B$7,1,FALSE),"Invalid") -> MKT04 | P51: =IF(ISNUMBER(E51),E51,DATE(RIGHT(E51,4),LEFT(E51,2),MID(E51,4,2))) -> 43981 | Q51: =DATEDIF(P51,TODAY(),"Y") -> 6 | R51: =IF(F51="",AVERAGEIF($D$2:$D$151,D51,$F$2:$F$151),F51) -> 75023 | S51: =IF(G51="",AVERAGE($G$2:$G$158),G51) -> 30 | T51: =_xlfn.XLOOKUP(S51,Lookup_Performance!$A$2:$A$6,Lookup_Performance!$C$2:$C$6,"Not Found",-1) -> Needs Improvement | U51: =_xlfn.XLOOKUP(S51,Lookup_Performance!$A$2:$A$6,Lookup_Performance!$D$2:$D$6,"Not Found",-1) -> 0 | V51: =TRIM(CLEAN(UPPER(H51))) -> LEFT
A52: EMP069 | B52: Jane | C52: Davis | D52: HR01 | E52: 44612 | F52: 93290 | H52: ACTIVE | J52: =TRIM(CLEAN(A52)) -> EMP069 | K52: =TRIM(CLEAN(PROPER(B52))) -> Jane | L52: =TRIM(CLEAN(PROPER(C52))) -> Davis | M52: =_xlfn.TEXTJOIN(" ",TRUE,K52,L52) -> Jane Davis | N52: =_xlfn.XLOOKUP(O52,Lookup_Departments!$A$2:$A$7,Lookup_Departments!$B$2:$B$7,"Not Found") -> Human Resources | O52: =IFERROR(VLOOKUP(D52,Lookup_Departments!$A$2:$B$7,1,FALSE),"Invalid") -> HR01 | P52: =IF(ISNUMBER(E52),E52,DATE(RIGHT(E52,4),LEFT(E52,2),MID(E52,4,2))) -> 44612 | Q52: =DATEDIF(P52,TODAY(),"Y") -> 4 | R52: =IF(F52="",AVERAGEIF($D$2:$D$151,D52,$F$2:$F$151),F52) -> 93290 | S52: =IF(G52="",AVERAGE($G$2:$G$158),G52) -> 68.219858 | T52: =_xlfn.XLOOKUP(S52,Lookup_Performance!$A$2:$A$6,Lookup_Performance!$C$2:$C$6,"Not Found",-1) -> Developing | U52: =_xlfn.XLOOKUP(S52,Lookup_Performance!$A$2:$A$6,Lookup_Performance!$D$2:$D$6,"Not Found",-1) -> 0.02 | V52: =TRIM(CLEAN(UPPER(H52))) -> ACTIVE
A53: EMP150 | B53: Richard | C53: Davis | D53: OPS06 | E53: 42628 | F53: 115527 | G53: 53 | H53: ACTIVE | J53: =TRIM(CLEAN(A53)) -> EMP150 | K53: =TRIM(CLEAN(PROPER(B53))) -> Richard | L53: =TRIM(CLEAN(PROPER(C53))) -> Davis | M53: =_xlfn.TEXTJOIN(" ",TRUE,K53,L53) -> Richard Davis | N53: =_xlfn.XLOOKUP(O53,Lookup_Departments!$A$2:$A$7,Lookup_Departments!$B$2:$B$7,"Not Found") -> Operations | O53: =IFERROR(VLOOKUP(D53,Lookup_Departments!$A$2:$B$7,1,FALSE),"Invalid") -> OPS06 | P53: =IF(ISNUMBER(E53),E53,DATE(RIGHT(E53,4),LEFT(E53,2),MID(E53,4,2))) -> 42628 | Q53: =DATEDIF(P53,TODAY(),"Y") -> 9 | R53: =IF(F53="",AVERAGEIF($D$2:$D$151,D53,$F$2:$F$151),F53) -> 115527 | S53: =IF(G53="",AVERAGE($G$2:$G$158),G53) -> 53 | T53: =_xlfn.XLOOKUP(S53,Lookup_Performance!$A$2:$A$6,Lookup_Performance!$C$2:$C$6,"Not Found",-1) -> Developing | U53: =_xlfn.XLOOKUP(S53,Lookup_Performance!$A$2:$A$6,Lookup_Performance!$D$2:$D$6,"Not Found",-1) -> 0.02 | V53: =TRIM(CLEAN(UPPER(H53))) -> ACTIVE
A54: EMP028 | B54: Thomas | C54: Rodriguez | D54: FIN03 | E54: 43656 | F54: 55920 | G54: 63 | H54: Resigned | J54: =TRIM(CLEAN(A54)) -> EMP028 | K54: =TRIM(CLEAN(PROPER(B54))) -> Thomas | L54: =TRIM(CLEAN(PROPER(C54))) -> Rodriguez | M54: =_xlfn.TEXTJOIN(" ",TRUE,K54,L54) -> Thomas Rodriguez | N54: =_xlfn.XLOOKUP(O54,Lookup_Departments!$A$2:$A$7,Lookup_Departments!$B$2:$B$7,"Not Found") -> Finance | O54: =IFERROR(VLOOKUP(D54,Lookup_Departments!$A$2:$B$7,1,FALSE),"Invalid") -> FIN03 | P54: =IF(ISNUMBER(E54),E54,DATE(RIGHT(E54,4),LEFT(E54,2),MID(E54,4,2))) -> 43656 | Q54: =DATEDIF(P54,TODAY(),"Y") -> 7 | R54: =IF(F54="",AVERAGEIF($D$2:$D$151,D54,$F$2:$F$151),F54) -> 55920 | S54: =IF(G54="",AVERAGE($G$2:$G$158),G54) -> 63 | T54: =_xlfn.XLOOKUP(S54,Lookup_Performance!$A$2:$A$6,Lookup_Performance!$C$2:$C$6,"Not Found",-1) -> Developing | U54: =_xlfn.XLOOKUP(S54,Lookup_Performance!$A$2:$A$6,Lookup_Performance!$D$2:$D$6,"Not Found",-1) -> 0.02 | V54: =TRIM(CLEAN(UPPER(H54))) -> RESIGNED
A55: EMP087 | B55: Emily | C55: Johnson | D55: SAL05 | E55: 43464 | F55: 80189 | G55: 84 | H55: ACTIVE | J55: =TRIM(CLEAN(A55)) -> EMP087 | K55: =TRIM(CLEAN(PROPER(B55))) -> Emily | L55: =TRIM(CLEAN(PROPER(C55))) -> Johnson | M55: =_xlfn.TEXTJOIN(" ",TRUE,K55,L55) -> Emily Johnson | N55: =_xlfn.XLOOKUP(O55,Lookup_Departments!$A$2:$A$7,Lookup_Departments!$B$2:$B$7,"Not Found") -> Sales | O55: =IFERROR(VLOOKUP(D55,Lookup_Departments!$A$2:$B$7,1,FALSE),"Invalid") -> SAL05 | P55: =IF(ISNUMBER(E55),E55,DATE(RIGHT(E55,4),LEFT(E55,2),MID(E55,4,2))) -> 43464 | Q55: =DATEDIF(P55,TODAY(),"Y") -> 7 | R55: =IF(F55="",AVERAGEIF($D$2:$D$151,D55,$F$2:$F$151),F55) -> 80189 | S55: =IF(G55="",AVERAGE($G$2:$G$158),G55) -> 84 | T55: =_xlfn.XLOOKUP(S55,Lookup_Performance!$A$2:$A$6,Lookup_Performance!$C$2:$C$6,"Not Found",-1) -> Achieving | U55: =_xlfn.XLOOKUP(S55,Lookup_Performance!$A$2:$A$6,Lookup_Performance!$D$2:$D$6,"Not Found",-1) -> 0.05 | V55: =TRIM(CLEAN(UPPER(H55))) -> ACTIVE
A56: EMP119 | B56: Emily | C56: Garcia | D56: HR01 | E56: 44189 | F56: 118947 | G56: 30 | H56: Active | J56: =TRIM(CLEAN(A56)) -> EMP119 | K56: =TRIM(CLEAN(PROPER(B56))) -> Emily | L56: =TRIM(CLEAN(PROPER(C56))) -> Garcia | M56: =_xlfn.TEXTJOIN(" ",TRUE,K56,L56) -> Emily Garcia | N56: =_xlfn.XLOOKUP(O56,Lookup_Departments!$A$2:$A$7,Lookup_Departments!$B$2:$B$7,"Not Found") -> Human Resources | O56: =IFERROR(VLOOKUP(D56,Lookup_Departments!$A$2:$B$7,1,FALSE),"Invalid") -> HR01 | P56: =IF(ISNUMBER(E56),E56,DATE(RIGHT(E56,4),LEFT(E56,2),MID(E56,4,2))) -> 44189 | Q56: =DATEDIF(P56,TODAY(),"Y") -> 5 | R56: =IF(F56="",AVERAGEIF($D$2:$D$151,D56,$F$2:$F$151),F56) -> 118947 | S56: =IF(G56="",AVERAGE($G$2:$G$158),G56) -> 30 | T56: =_xlfn.XLOOKUP(S56,Lookup_Performance!$A$2:$A$6,Lookup_Performance!$C$2:$C$6,"Not Found",-1) -> Needs Improvement | U56: =_xlfn.XLOOKUP(S56,Lookup_Performance!$A$2:$A$6,Lookup_Performance!$D$2:$D$6,"Not Found",-1) -> 0 | V56: =TRIM(CLEAN(UPPER(H56))) -> ACTIVE
A57: EMP042 | B57: Jane | C57: Anderson | D57: IT02 | E57: 45112 | G57: 96 | H57: active | J57: =TRIM(CLEAN(A57)) -> EMP042 | K57: =TRIM(CLEAN(PROPER(B57))) -> Jane | L57: =TRIM(CLEAN(PROPER(C57))) -> Anderson | M57: =_xlfn.TEXTJOIN(" ",TRUE,K57,L57) -> Jane Anderson | N57: =_xlfn.XLOOKUP(O57,Lookup_Departments!$A$2:$A$7,Lookup_Departments!$B$2:$B$7,"Not Found") -> Information Technology | O57: =IFERROR(VLOOKUP(D57,Lookup_Departments!$A$2:$B$7,1,FALSE),"Invalid") -> IT02 | P57: =IF(ISNUMBER(E57),E57,DATE(RIGHT(E57,4),LEFT(E57,2),MID(E57,4,2))) -> 45112 | Q57: =DATEDIF(P57,TODAY(),"Y") -> 3 | R57: =IF(F57="",AVERAGEIF($D$2:$D$151,D57,$F$2:$F$151),F57) -> 80014.258 | S57: =IF(G57="",AVERAGE($G$2:$G$158),G57) -> 96 | T57: =_xlfn.XLOOKUP(S57,Lookup_Performance!$A$2:$A$6,Lookup_Performance!$C$2:$C$6,"Not Found",-1) -> Outstanding | U57: =_xlfn.XLOOKUP(S57,Lookup_Performance!$A$2:$A$6,Lookup_Performance!$D$2:$D$6,"Not Found",-1) -> 0.12 | V57: =TRIM(CLEAN(UPPER(H57))) -> ACTIVE
A58: EMP005 | B58: Thomas | C58: Garcia | D58: OPS06 | E58: 44148 | G58: 54 | H58: ACTIVE | J58: =TRIM(CLEAN(A58)) -> EMP005 | K58: =TRIM(CLEAN(PROPER(B58))) -> Thomas | L58: =TRIM(CLEAN(PROPER(C58))) -> Garcia | M58: =_xlfn.TEXTJOIN(" ",TRUE,K58,L58) -> Thomas Garcia | N58: =_xlfn.XLOOKUP(O58,Lookup_Departments!$A$2:$A$7,Lookup_Departments!$B$2:$B$7,"Not Found") -> Operations | O58: =IFERROR(VLOOKUP(D58,Lookup_Departments!$A$2:$B$7,1,FALSE),"Invalid") -> OPS06 | P58: =IF(ISNUMBER(E58),E58,DATE(RIGHT(E58,4),LEFT(E58,2),MID(E58,4,2))) -> 44148 | Q58: =DATEDIF(P58,TODAY(),"Y") -> 5 | R58: =IF(F58="",AVERAGEIF($D$2:$D$151,D58,$F$2:$F$151),F58) -> 79786.667 | S58: =IF(G58="",AVERAGE($G$2:$G$158),G58) -> 54 | T58: =_xlfn.XLOOKUP(S58,Lookup_Performance!$A$2:$A$6,Lookup_Performance!$C$2:$C$6,"Not Found",-1) -> Developing | U58: =_xlfn.XLOOKUP(S58,Lookup_Performance!$A$2:$A$6,Lookup_Performance!$D$2:$D$6,"Not Found",-1) -> 0.02 | V58: =TRIM(CLEAN(UPPER(H58))) -> ACTIVE
A59: EMP033 | B59: David | C59: Martinez | D59: HR01 | E59: 43283 | F59: 91655 | G59: 75 | H59: ACTIVE | J59: =TRIM(CLEAN(A59)) -> EMP033 | K59: =TRIM(CLEAN(PROPER(B59))) -> David | L59: =TRIM(CLEAN(PROPER(C59))) -> Martinez | M59: =_xlfn.TEXTJOIN(" ",TRUE,K59,L59) -> David Martinez | N59: =_xlfn.XLOOKUP(O59,Lookup_Departments!$A$2:$A$7,Lookup_Departments!$B$2:$B$7,"Not Found") -> Human Resources | O59: =IFERROR(VLOOKUP(D59,Lookup_Departments!$A$2:$B$7,1,FALSE),"Invalid") -> HR01 | P59: =IF(ISNUMBER(E59),E59,DATE(RIGHT(E59,4),LEFT(E59,2),MID(E59,4,2))) -> 43283 | Q59: =DATEDIF(P59,TODAY(),"Y") -> 8 | R59: =IF(F59="",AVERAGEIF($D$2:$D$151,D59,$F$2:$F$151),F59) -> 91655 | S59: =IF(G59="",AVERAGE($G$2:$G$158),G59) -> 75 | T59: =_xlfn.XLOOKUP(S59,Lookup_Performance!$A$2:$A$6,Lookup_Performance!$C$2:$C$6,"Not Found",-1) -> Achieving | U59: =_xlfn.XLOOKUP(S59,Lookup_Performance!$A$2:$A$6,Lookup_Performance!$D$2:$D$6,"Not Found",-1) -> 0.05 | V59: =TRIM(CLEAN(UPPER(H59))) -> ACTIVE
A60: EMP061 | B60: Emily | C60: Brown | D60: IT02 | E60: 45255 | F60: 49435 | G60: 95 | H60: Active | J60: =TRIM(CLEAN(A60)) -> EMP061 | K60: =TRIM(CLEAN(PROPER(B60))) -> Emily | L60: =TRIM(CLEAN(PROPER(C60))) -> Brown | M60: =_xlfn.TEXTJOIN(" ",TRUE,K60,L60) -> Emily Brown | N60: =_xlfn.XLOOKUP(O60,Lookup_Departments!$A$2:$A$7,Lookup_Departments!$B$2:$B$7,"Not Found") -> Information Technology | O60: =IFERROR(VLOOKUP(D60,Lookup_Departments!$A$2:$B$7,1,FALSE),"Invalid") -> IT02 | P60: =IF(ISNUMBER(E60),E60,DATE(RIGHT(E60,4),LEFT(E60,2),MID(E60,4,2))) -> 45255 | Q60: =DATEDIF(P60,TODAY(),"Y") -> 2 | R60: =IF(F60="",AVERAGEIF($D$2:$D$151,D60,$F$2:$F$151),F60) -> 49435 | S60: =IF(G60="",AVERAGE($G$2:$G$158),G60) -> 95 | T60: =_xlfn.XLOOKUP(S60,Lookup_Performance!$A$2:$A$6,Lookup_Performance!$C$2:$C$6,"Not Found",-1) -> Outstanding | U60: =_xlfn.XLOOKUP(S60,Lookup_Performance!$A$2:$A$6,Lookup_Performance!$D$2:$D$6,"Not Found",-1) -> 0.12 | V60: =TRIM(CLEAN(UPPER(H60))) -> ACTIVE
A61: EMP102 | B61: Emily | C61: Wilson | D61: SAL05 | E61: 45217 | F61: 110381 | H61: left | J61: =TRIM(CLEAN(A61)) -> EMP102 | K61: =TRIM(CLEAN(PROPER(B61))) -> Emily | L61: =TRIM(CLEAN(PROPER(C61))) -> Wilson | M61: =_xlfn.TEXTJOIN(" ",TRUE,K61,L61) -> Emily Wilson | N61: =_xlfn.XLOOKUP(O61,Lookup_Departments!$A$2:$A$7,Lookup_Departments!$B$2:$B$7,"Not Found") -> Sales | O61: =IFERROR(VLOOKUP(D61,Lookup_Departments!$A$2:$B$7,1,FALSE),"Invalid") -> SAL05 | P61: =IF(ISNUMBER(E61),E61,DATE(RIGHT(E61,4),LEFT(E61,2),MID(E61,4,2))) -> 45217 | Q61: =DATEDIF(P61,TODAY(),"Y") -> 2 | R61: =IF(F61="",AVERAGEIF($D$2:$D$151,D61,$F$2:$F$151),F61) -> 110381 | S61: =IF(G61="",AVERAGE($G$2:$G$158),G61) -> 68.219858 | T61: =_xlfn.XLOOKUP(S61,Lookup_Performance!$A$2:$A$6,Lookup_Performance!$C$2:$C$6,"Not Found",-1) -> Developing | U61: =_xlfn.XLOOKUP(S61,Lookup_Performance!$A$2:$A$6,Lookup_Performance!$D$2:$D$6,"Not Found",-1) -> 0.02 | V61: =TRIM(CLEAN(UPPER(H61))) -> LEFT
A62: EMP067 | B62: Michael | C62: Anderson | D62: HR01 | E62: 44079 | F62: 114748 | G62: 93 | H62: Active | J62: =TRIM(CLEAN(A62)) -> EMP067 | K62: =TRIM(CLEAN(PROPER(B62))) -> Michael | L62: =TRIM(CLEAN(PROPER(C62))) -> Anderson | M62: =_xlfn.TEXTJOIN(" ",TRUE,K62,L62) -> Michael Anderson | N62: =_xlfn.XLOOKUP(O62,Lookup_Departments!$A$2:$A$7,Lookup_Departments!$B$2:$B$7,"Not Found") -> Human Resources | O62: =IFERROR(VLOOKUP(D62,Lookup_Departments!$A$2:$B$7,1,FALSE),"Invalid") -> HR01 | P62: =IF(ISNUMBER(E62),E62,DATE(RIGHT(E62,4),LEFT(E62,2),MID(E62,4,2))) -> 44079 | Q62: =DATEDIF(P62,TODAY(),"Y") -> 5 | R62: =IF(F62="",AVERAGEIF($D$2:$D$151,D62,$F$2:$F$151),F62) -> 114748 | S62: =IF(G62="",AVERAGE($G$2:$G$158),G62) -> 93 | T62: =_xlfn.XLOOKUP(S62,Lookup_Performance!$A$2:$A$6,Lookup_Performance!$C$2:$C$6,"Not Found",-1) -> Exceeding | U62: =_xlfn.XLOOKUP(S62,Lookup_Performance!$A$2:$A$6,Lookup_Performance!$D$2:$D$6,"Not Found",-1) -> 0.08 | V62: =TRIM(CLEAN(UPPER(H62))) -> ACTIVE
A63: EMP017 | B63: Robert | C63: Johnson | D63: OPS06 | E63: 42800 | F63: 63302 | G63: 33 | H63: active | J63: =TRIM(CLEAN(A63)) -> EMP017 | K63: =TRIM(CLEAN(PROPER(B63))) -> Robert | L63: =TRIM(CLEAN(PROPER(C63))) -> Johnson | M63: =_xlfn.TEXTJOIN(" ",TRUE,K63,L63) -> Robert Johnson | N63: =_xlfn.XLOOKUP(O63,Lookup_Departments!$A$2:$A$7,Lookup_Departments!$B$2:$B$7,"Not Found") -> Operations | O63: =IFERROR(VLOOKUP(D63,Lookup_Departments!$A$2:$B$7,1,FALSE),"Invalid") -> OPS06 | P63: =IF(ISNUMBER(E63),E63,DATE(RIGHT(E63,4),LEFT(E63,2),MID(E63,4,2))) -> 42800 | Q63: =DATEDIF(P63,TODAY(),"Y") -> 9 | R63: =IF(F63="",AVERAGEIF($D$2:$D$151,D63,$F$2:$F$151),F63) -> 63302 | S63: =IF(G63="",AVERAGE($G$2:$G$158),G63) -> 33 | T63: =_xlfn.XLOOKUP(S63,Lookup_Performance!$A$2:$A$6,Lookup_Performance!$C$2:$C$6,"Not Found",-1) -> Needs Improvement | U63: =_xlfn.XLOOKUP(S63,Lookup_Performance!$A$2:$A$6,Lookup_Performance!$D$2:$D$6,"Not Found",-1) -> 0 | V63: =TRIM(CLEAN(UPPER(H63))) -> ACTIVE
A64: EMP123 | B64: Robert | C64: Miller | D64: IT02 | E64: 42122 | F64: 75519 | G64: 91 | H64: active | J64: =TRIM(CLEAN(A64)) -> EMP123 | K64: =TRIM(CLEAN(PROPER(B64))) -> Robert | L64: =TRIM(CLEAN(PROPER(C64))) -> Miller | M64: =_xlfn.TEXTJOIN(" ",TRUE,K64,L64) -> Robert Miller | N64: =_xlfn.XLOOKUP(O64,Lookup_Departments!$A$2:$A$7,Lookup_Departments!$B$2:$B$7,"Not Found") -> Information Technology | O64: =IFERROR(VLOOKUP(D64,Lookup_Departments!$A$2:$B$7,1,FALSE),"Invalid") -> IT02 | P64: =IF(ISNUMBER(E64),E64,DATE(RIGHT(E64,4),LEFT(E64,2),MID(E64,4,2))) -> 42122 | Q64: =DATEDIF(P64,TODAY(),"Y") -> 11 | R64: =IF(F64="",AVERAGEIF($D$2:$D$151,D64,$F$2:$F$151),F64) -> 75519 | S64: =IF(G64="",AVERAGE($G$2:$G$158),G64) -> 91 | T64: =_xlfn.XLOOKUP(S64,Lookup_Performance!$A$2:$A$6,Lookup_Performance!$C$2:$C$6,"Not Found",-1) -> Exceeding | U64: =_xlfn.XLOOKUP(S64,Lookup_Performance!$A$2:$A$6,Lookup_Performance!$D$2:$D$6,"Not Found",-1) -> 0.08 | V64: =TRIM(CLEAN(UPPER(H64))) -> ACTIVE
A65: EMP011 | B65: Jane | C65: Davis | D65: FIN03 | E65: 42838 | F65: 103891 | G65: 64 | H65: active | J65: =TRIM(CLEAN(A65)) -> EMP011 | K65: =TRIM(CLEAN(PROPER(B65))) -> Jane | L65: =TRIM(CLEAN(PROPER(C65))) -> Davis | M65: =_xlfn.TEXTJOIN(" ",TRUE,K65,L65) -> Jane Davis | N65: =_xlfn.XLOOKUP(O65,Lookup_Departments!$A$2:$A$7,Lookup_Departments!$B$2:$B$7,"Not Found") -> Finance | O65: =IFERROR(VLOOKUP(D65,Lookup_Departments!$A$2:$B$7,1,FALSE),"Invalid") -> FIN03 | P65: =IF(ISNUMBER(E65),E65,DATE(RIGHT(E65,4),LEFT(E65,2),MID(E65,4,2))) -> 42838 | Q65: =DATEDIF(P65,TODAY(),"Y") -> 9 | R65: =IF(F65="",AVERAGEIF($D$2:$D$151,D65,$F$2:$F$151),F65) -> 103891 | S65: =IF(G65="",AVERAGE($G$2:$G$158),G65) -> 64 | T65: =_xlfn.XLOOKUP(S65,Lookup_Performance!$A$2:$A$6,Lookup_Performance!$C$2:$C$6,"Not Found",-1) -> Developing | U65: =_xlfn.XLOOKUP(S65,Lookup_Performance!$A$2:$A$6,Lookup_Performance!$D$2:$D$6,"Not Found",-1) -> 0.02 | V65: =TRIM(CLEAN(UPPER(H65))) -> ACTIVE
A66: EMP091 | B66: Thomas | C66: Davis | D66: OPS06 | E66: 44827 | G66: 80 | H66: active | J66: =TRIM(CLEAN(A66)) -> EMP091 | K66: =TRIM(CLEAN(PROPER(B66))) -> Thomas | L66: =TRIM(CLEAN(PROPER(C66))) -> Davis | M66: =_xlfn.TEXTJOIN(" ",TRUE,K66,L66) -> Thomas Davis | N66: =_xlfn.XLOOKUP(O66,Lookup_Departments!$A$2:$A$7,Lookup_Departments!$B$2:$B$7,"Not Found") -> Operations | O66: =IFERROR(VLOOKUP(D66,Lookup_Departments!$A$2:$B$7,1,FALSE),"Invalid") -> OPS06 | P66: =IF(ISNUMBER(E66),E66,DATE(RIGHT(E66,4),LEFT(E66,2),MID(E66,4,2))) -> 44827 | Q66: =DATEDIF(P66,TODAY(),"Y") -> 3 | R66: =IF(F66="",AVERAGEIF($D$2:$D$151,D66,$F$2:$F$151),F66) -> 79786.667 | S66: =IF(G66="",AVERAGE($G$2:$G$158),G66) -> 80 | T66: =_xlfn.XLOOKUP(S66,Lookup_Performance!$A$2:$A$6,Lookup_Performance!$C$2:$C$6,"Not Found",-1) -> Achieving | U66: =_xlfn.XLOOKUP(S66,Lookup_Performance!$A$2:$A$6,Lookup_Performance!$D$2:$D$6,"Not Found",-1) -> 0.05 | V66: =TRIM(CLEAN(UPPER(H66))) -> ACTIVE
A67: EMP145 | B67: Thomas | C67: Jones | D67: MKT04 | E67: 42685 | F67: 50936 | G67: 46 | H67: LEFT | J67: =TRIM(CLEAN(A67)) -> EMP145 | K67: =TRIM(CLEAN(PROPER(B67))) -> Thomas | L67: =TRIM(CLEAN(PROPER(C67))) -> Jones | M67: =_xlfn.TEXTJOIN(" ",TRUE,K67,L67) -> Thomas Jones | N67: =_xlfn.XLOOKUP(O67,Lookup_Departments!$A$2:$A$7,Lookup_Departments!$B$2:$B$7,"Not Found") -> Marketing | O67: =IFERROR(VLOOKUP(D67,Lookup_Departments!$A$2:$B$7,1,FALSE),"Invalid") -> MKT04 | P67: =IF(ISNUMBER(E67),E67,DATE(RIGHT(E67,4),LEFT(E67,2),MID(E67,4,2))) -> 42685 | Q67: =DATEDIF(P67,TODAY(),"Y") -> 9 | R67: =IF(F67="",AVERAGEIF($D$2:$D$151,D67,$F$2:$F$151),F67) -> 50936 | S67: =IF(G67="",AVERAGE($G$2:$G$158),G67) -> 46 | T67: =_xlfn.XLOOKUP(S67,Lookup_Performance!$A$2:$A$6,Lookup_Performance!$C$2:$C$6,"Not Found",-1) -> Needs Improvement | U67: =_xlfn.XLOOKUP(S67,Lookup_Performance!$A$2:$A$6,Lookup_Performance!$D$2:$D$6,"Not Found",-1) -> 0 | V67: =TRIM(CLEAN(UPPER(H67))) -> LEFT
A68: EMP001 | B68: Michael | C68: Miller | D68: SAL05 | E68: 42818 | F68: 111240 | G68: 99 | H68: active | J68: =TRIM(CLEAN(A68)) -> EMP001 | K68: =TRIM(CLEAN(PROPER(B68))) -> Michael | L68: =TRIM(CLEAN(PROPER(C68))) -> Miller | M68: =_xlfn.TEXTJOIN(" ",TRUE,K68,L68) -> Michael Miller | N68: =_xlfn.XLOOKUP(O68,Lookup_Departments!$A$2:$A$7,Lookup_Departments!$B$2:$B$7,"Not Found") -> Sales | O68: =IFERROR(VLOOKUP(D68,Lookup_Departments!$A$2:$B$7,1,FALSE),"Invalid") -> SAL05 | P68: =IF(ISNUMBER(E68),E68,DATE(RIGHT(E68,4),LEFT(E68,2),MID(E68,4,2))) -> 42818 | Q68: =DATEDIF(P68,TODAY(),"Y") -> 9 | R68: =IF(F68="",AVERAGEIF($D$2:$D$151,D68,$F$2:$F$151),F68) -> 111240 | S68: =IF(G68="",AVERAGE($G$2:$G$158),G68) -> 99 | T68: =_xlfn.XLOOKUP(S68,Lookup_Performance!$A$2:$A$6,Lookup_Performance!$C$2:$C$6,"Not Found",-1) -> Outstanding | U68: =_xlfn.XLOOKUP(S68,Lookup_Performance!$A$2:$A$6,Lookup_Performance!$D$2:$D$6,"Not Found",-1) -> 0.12 | V68: =TRIM(CLEAN(UPPER(H68))) -> ACTIVE
A69: EMP113 | B69: Richard | C69: Gonzalez | D69: HR01 | E69: 43590 | F69: 51567 | H69: ACTIVE | J69: =TRIM(CLEAN(A69)) -> EMP113 | K69: =TRIM(CLEAN(PROPER(B69))) -> Richard | L69: =TRIM(CLEAN(PROPER(C69))) -> Gonzalez | M69: =_xlfn.TEXTJOIN(" ",TRUE,K69,L69) -> Richard Gonzalez | N69: =_xlfn.XLOOKUP(O69,Lookup_Departments!$A$2:$A$7,Lookup_Departments!$B$2:$B$7,"Not Found") -> Human Resources | O69: =IFERROR(VLOOKUP(D69,Lookup_Departments!$A$2:$B$7,1,FALSE),"Invalid") -> HR01 | P69: =IF(ISNUMBER(E69),E69,DATE(RIGHT(E69,4),LEFT(E69,2),MID(E69,4,2))) -> 43590 | Q69: =DATEDIF(P69,TODAY(),"Y") -> 7 | R69: =IF(F69="",AVERAGEIF($D$2:$D$151,D69,$F$2:$F$151),F69) -> 51567 | S69: =IF(G69="",AVERAGE($G$2:$G$158),G69) -> 68.219858 | T69: =_xlfn.XLOOKUP(S69,Lookup_Performance!$A$2:$A$6,Lookup_Performance!$C$2:$C$6,"Not Found",-1) -> Developing | U69: =_xlfn.XLOOKUP(S69,Lookup_Performance!$A$2:$A$6,Lookup_Performance!$D$2:$D$6,"Not Found",-1) -> 0.02 | V69: =TRIM(CLEAN(UPPER(H69))) -> ACTIVE
A70: EMP065 | B70: Melissa | C70: Williams | D70: HR01 | E70: 44402 | G70: 87 | H70: Resigned | J70: =TRIM(CLEAN(A70)) -> EMP065 | K70: =TRIM(CLEAN(PROPER(B70))) -> Melissa | L70: =TRIM(CLEAN(PROPER(C70))) -> Williams | M70: =_xlfn.TEXTJOIN(" ",TRUE,K70,L70) -> Melissa Williams | N70: =_xlfn.XLOOKUP(O70,Lookup_Departments!$A$2:$A$7,Lookup_Departments!$B$2:$B$7,"Not Found") -> Human Resources | O70: =IFERROR(VLOOKUP(D70,Lookup_Departments!$A$2:$B$7,1,FALSE),"Invalid") -> HR01 | P70: =IF(ISNUMBER(E70),E70,DATE(RIGHT(E70,4),LEFT(E70,2),MID(E70,4,2))) -> 44402 | Q70: =DATEDIF(P70,TODAY(),"Y") -> 4 | R70: =IF(F70="",AVERAGEIF($D$2:$D$151,D70,$F$2:$F$151),F70) -> 85649.941 | S70: =IF(G70="",AVERAGE($G$2:$G$158),G70) -> 87 | T70: =_xlfn.XLOOKUP(S70,Lookup_Performance!$A$2:$A$6,Lookup_Performance!$C$2:$C$6,"Not Found",-1) -> Exceeding | U70: =_xlfn.XLOOKUP(S70,Lookup_Performance!$A$2:$A$6,Lookup_Performance!$D$2:$D$6,"Not Found",-1) -> 0.08 | V70: =TRIM(CLEAN(UPPER(H70))) -> RESIGNED
A71: EMP045 | B71: Robert | C71: Miller | D71: HR01 | E71: 43008 | F71: 55270 | G71: 36 | H71: Active | J71: =TRIM(CLEAN(A71)) -> EMP045 | K71: =TRIM(CLEAN(PROPER(B71))) -> Robert | L71: =TRIM(CLEAN(PROPER(C71))) -> Miller | M71: =_xlfn.TEXTJOIN(" ",TRUE,K71,L71) -> Robert Miller | N71: =_xlfn.XLOOKUP(O71,Lookup_Departments!$A$2:$A$7,Lookup_Departments!$B$2:$B$7,"Not Found") -> Human Resources | O71: =IFERROR(VLOOKUP(D71,Lookup_Departments!$A$2:$B$7,1,FALSE),"Invalid") -> HR01 | P71: =IF(ISNUMBER(E71),E71,DATE(RIGHT(E71,4),LEFT(E71,2),MID(E71,4,2))) -> 43008 | Q71: =DATEDIF(P71,TODAY(),"Y") -> 8 | R71: =IF(F71="",AVERAGEIF($D$2:$D$151,D71,$F$2:$F$151),F71) -> 55270 | S71: =IF(G71="",AVERAGE($G$2:$G$158),G71) -> 36 | T71: =_xlfn.XLOOKUP(S71,Lookup_Performance!$A$2:$A$6,Lookup_Performance!$C$2:$C$6,"Not Found",-1) -> Needs Improvement | U71: =_xlfn.XLOOKUP(S71,Lookup_Performance!$A$2:$A$6,Lookup_Performance!$D$2:$D$6,"Not Found",-1) -> 0 | V71: =TRIM(CLEAN(UPPER(H71))) -> ACTIVE
A72: EMP083 | B72: William | C72: Garcia | D72: SAL05 | E72: 42192 | F72: 65235 | G72: 87 | H72: ACTIVE | J72: =TRIM(CLEAN(A72)) -> EMP083 | K72: =TRIM(CLEAN(PROPER(B72))) -> William | L72: =TRIM(CLEAN(PROPER(C72))) -> Garcia | M72: =_xlfn.TEXTJOIN(" ",TRUE,K72,L72) -> William Garcia | N72: =_xlfn.XLOOKUP(O72,Lookup_Departments!$A$2:$A$7,Lookup_Departments!$B$2:$B$7,"Not Found") -> Sales | O72: =IFERROR(VLOOKUP(D72,Lookup_Departments!$A$2:$B$7,1,FALSE),"Invalid") -> SAL05 | P72: =IF(ISNUMBER(E72),E72,DATE(RIGHT(E72,4),LEFT(E72,2),MID(E72,4,2))) -> 42192 | Q72: =DATEDIF(P72,TODAY(),"Y") -> 11 | R72: =IF(F72="",AVERAGEIF($D$2:$D$151,D72,$F$2:$F$151),F72) -> 65235 | S72: =IF(G72="",AVERAGE($G$2:$G$158),G72) -> 87 | T72: =_xlfn.XLOOKUP(S72,Lookup_Performance!$A$2:$A$6,Lookup_Performance!$C$2:$C$6,"Not Found",-1) -> Exceeding | U72: =_xlfn.XLOOKUP(S72,Lookup_Performance!$A$2:$A$6,Lookup_Performance!$D$2:$D$6,"Not Found",-1) -> 0.08 | V72: =TRIM(CLEAN(UPPER(H72))) -> ACTIVE
A73: EMP029 | B73: John | C73: Gonzalez | D73: SAL05 | E73: 43283 | G73: 97 | H73: ACTIVE | J73: =TRIM(CLEAN(A73)) -> EMP029 | K73: =TRIM(CLEAN(PROPER(B73))) -> John | L73: =TRIM(CLEAN(PROPER(C73))) -> Gonzalez | M73: =_xlfn.TEXTJOIN(" ",TRUE,K73,L73) -> John Gonzalez | N73: =_xlfn.XLOOKUP(O73,Lookup_Departments!$A$2:$A$7,Lookup_Departments!$B$2:$B$7,"Not Found") -> Sales | O73: =IFERROR(VLOOKUP(D73,Lookup_Departments!$A$2:$B$7,1,FALSE),"Invalid") -> SAL05 | P73: =IF(ISNUMBER(E73),E73,DATE(RIGHT(E73,4),LEFT(E73,2),MID(E73,4,2))) -> 43283 | Q73: =DATEDIF(P73,TODAY(),"Y") -> 8 | R73: =IF(F73="",AVERAGEIF($D$2:$D$151,D73,$F$2:$F$151),F73) -> 87282.348 | S73: =IF(G73="",AVERAGE($G$2:$G$158),G73) -> 97 | T73: =_xlfn.XLOOKUP(S73,Lookup_Performance!$A$2:$A$6,Lookup_Performance!$C$2:$C$6,"Not Found",-1) -> Outstanding | U73: =_xlfn.XLOOKUP(S73,Lookup_Performance!$A$2:$A$6,Lookup_Performance!$D$2:$D$6,"Not Found",-1) -> 0.12 | V73: =TRIM(CLEAN(UPPER(H73))) -> ACTIVE
A74: EMP041 | B74: James | C74: Gonzalez | D74: SAL05 | E74: 44819 | G74: 72 | H74: LEFT | J74: =TRIM(CLEAN(A74)) -> EMP041 | K74: =TRIM(CLEAN(PROPER(B74))) -> James | L74: =TRIM(CLEAN(PROPER(C74))) -> Gonzalez | M74: =_xlfn.TEXTJOIN(" ",TRUE,K74,L74) -> James Gonzalez | N74: =_xlfn.XLOOKUP(O74,Lookup_Departments!$A$2:$A$7,Lookup_Departments!$B$2:$B$7,"Not Found") -> Sales | O74: =IFERROR(VLOOKUP(D74,Lookup_Departments!$A$2:$B$7,1,FALSE),"Invalid") -> SAL05 | P74: =IF(ISNUMBER(E74),E74,DATE(RIGHT(E74,4),LEFT(E74,2),MID(E74,4,2))) -> 44819 | Q74: =DATEDIF(P74,TODAY(),"Y") -> 3 | R74: =IF(F74="",AVERAGEIF($D$2:$D$151,D74,$F$2:$F$151),F74) -> 87282.348 | S74: =IF(G74="",AVERAGE($G$2:$G$158),G74) -> 72 | T74: =_xlfn.XLOOKUP(S74,Lookup_Performance!$A$2:$A$6,Lookup_Performance!$C$2:$C$6,"Not Found",-1) -> Achieving | U74: =_xlfn.XLOOKUP(S74,Lookup_Performance!$A$2:$A$6,Lookup_Performance!$D$2:$D$6,"Not Found",-1) -> 0.05 | V74: =TRIM(CLEAN(UPPER(H74))) -> LEFT
A75: EMP026 | B75: Jane | C75: Gonzalez | D75: SAL05 | E75: 42249 | G75: 65 | H75: LEFT | J75: =TRIM(CLEAN(A75)) -> EMP026 | K75: =TRIM(CLEAN(PROPER(B75))) -> Jane | L75: =TRIM(CLEAN(PROPER(C75))) -> Gonzalez | M75: =_xlfn.TEXTJOIN(" ",TRUE,K75,L75) -> Jane Gonzalez | N75: =_xlfn.XLOOKUP(O75,Lookup_Departments!$A$2:$A$7,Lookup_Departments!$B$2:$B$7,"Not Found") -> Sales | O75: =IFERROR(VLOOKUP(D75,Lookup_Departments!$A$2:$B$7,1,FALSE),"Invalid") -> SAL05 | P75: =IF(ISNUMBER(E75),E75,DATE(RIGHT(E75,4),LEFT(E75,2),MID(E75,4,2))) -> 42249 | Q75: =DATEDIF(P75,TODAY(),"Y") -> 10 | R75: =IF(F75="",AVERAGEIF($D$2:$D$151,D75,$F$2:$F$151),F75) -> 87282.348 | S75: =IF(G75="",AVERAGE($G$2:$G$158),G75) -> 65 | T75: =_xlfn.XLOOKUP(S75,Lookup_Performance!$A$2:$A$6,Lookup_Performance!$C$2:$C$6,"Not Found",-1) -> Developing | U75: =_xlfn.XLOOKUP(S75,Lookup_Performance!$A$2:$A$6,Lookup_Performance!$D$2:$D$6,"Not Found",-1) -> 0.02 | V75: =TRIM(CLEAN(UPPER(H75))) -> LEFT
A76: EMP024 | B76: David | C76: Wilson | D76: OPS06 | E76: 42654 | F76: 48823 | G76: 91 | H76: active | J76: =TRIM(CLEAN(A76)) -> EMP024 | K76: =TRIM(CLEAN(PROPER(B76))) -> David | L76: =TRIM(CLEAN(PROPER(C76))) -> Wilson | M76: =_xlfn.TEXTJOIN(" ",TRUE,K76,L76) -> David Wilson | N76: =_xlfn.XLOOKUP(O76,Lookup_Departments!$A$2:$A$7,Lookup_Departments!$B$2:$B$7,"Not Found") -> Operations | O76: =IFERROR(VLOOKUP(D76,Lookup_Departments!$A$2:$B$7,1,FALSE),"Invalid") -> OPS06 | P76: =IF(ISNUMBER(E76),E76,DATE(RIGHT(E76,4),LEFT(E76,2),MID(E76,4,2))) -> 42654 | Q76: =DATEDIF(P76,TODAY(),"Y") -> 9 | R76: =IF(F76="",AVERAGEIF($D$2:$D$151,D76,$F$2:$F$151),F76) -> 48823 | S76: =IF(G76="",AVERAGE($G$2:$G$158),G76) -> 91 | T76: =_xlfn.XLOOKUP(S76,Lookup_Performance!$A$2:$A$6,Lookup_Performance!$C$2:$C$6,"Not Found",-1) -> Exceeding | U76: =_xlfn.XLOOKUP(S76,Lookup_Performance!$A$2:$A$6,Lookup_Performance!$D$2:$D$6,"Not Found",-1) -> 0.08 | V76: =TRIM(CLEAN(UPPER(H76))) -> ACTIVE
A77: EMP111 | B77: Jane | C77: Gonzalez | D77: FIN03 | E77: 43575 | F77: 45196 | G77: 67 | H77: ACTIVE | J77: =TRIM(CLEAN(A77)) -> EMP111 | K77: =TRIM(CLEAN(PROPER(B77))) -> Jane | L77: =TRIM(CLEAN(PROPER(C77))) -> Gonzalez | M77: =_xlfn.TEXTJOIN(" ",TRUE,K77,L77) -> Jane Gonzalez | N77: =_xlfn.XLOOKUP(O77,Lookup_Departments!$A$2:$A$7,Lookup_Departments!$B$2:$B$7,"Not Found") -> Finance | O77: =IFERROR(VLOOKUP(D77,Lookup_Departments!$A$2:$B$7,1,FALSE),"Invalid") -> FIN03 | P77: =IF(ISNUMBER(E77),E77,DATE(RIGHT(E77,4),LEFT(E77,2),MID(E77,4,2))) -> 43575 | Q77: =DATEDIF(P77,TODAY(),"Y") -> 7 | R77: =IF(F77="",AVERAGEIF($D$2:$D$151,D77,$F$2:$F$151),F77) -> 45196 | S77: =IF(G77="",AVERAGE($G$2:$G$158),G77) -> 67 | T77: =_xlfn.XLOOKUP(S77,Lookup_Performance!$A$2:$A$6,Lookup_Performance!$C$2:$C$6,"Not Found",-1) -> Developing | U77: =_xlfn.XLOOKUP(S77,Lookup_Performance!$A$2:$A$6,Lookup_Performance!$D$2:$D$6,"Not Found",-1) -> 0.02 | V77: =TRIM(CLEAN(UPPER(H77))) -> ACTIVE
A78: EMP040 | B78: Jane | C78: Rodriguez | D78: IT02 | E78: 02/19/2017 | F78: 86246 | G78: 34 | H78: ACTIVE | J78: =TRIM(CLEAN(A78)) -> EMP040 | K78: =TRIM(CLEAN(PROPER(B78))) -> Jane | L78: =TRIM(CLEAN(PROPER(C78))) -> Rodriguez | M78: =_xlfn.TEXTJOIN(" ",TRUE,K78,L78) -> Jane Rodriguez | N78: =_xlfn.XLOOKUP(O78,Lookup_Departments!$A$2:$A$7,Lookup_Departments!$B$2:$B$7,"Not Found") -> Information Technology | O78: =IFERROR(VLOOKUP(D78,Lookup_Departments!$A$2:$B$7,1,FALSE),"Invalid") -> IT02 | P78: =IF(ISNUMBER(E78),E78,DATE(RIGHT(E78,4),LEFT(E78,2),MID(E78,4,2))) -> 42785 | Q78: =DATEDIF(P78,TODAY(),"Y") -> 9 | R78: =IF(F78="",AVERAGEIF($D$2:$D$151,D78,$F$2:$F$151),F78) -> 86246 | S78: =IF(G78="",AVERAGE($G$2:$G$158),G78) -> 34 | T78: =_xlfn.XLOOKUP(S78,Lookup_Performance!$A$2:$A$6,Lookup_Performance!$C$2:$C$6,"Not Found",-1) -> Needs Improvement | U78: =_xlfn.XLOOKUP(S78,Lookup_Performance!$A$2:$A$6,Lookup_Performance!$D$2:$D$6,"Not Found",-1) -> 0 | V78: =TRIM(CLEAN(UPPER(H78))) -> ACTIVE
A79: EMP086 | B79: Emily | C79: Miller | D79: SAL05 | E79: 44386 | F79: 70359 | G79: 78 | H79: LEFT | J79: =TRIM(CLEAN(A79)) -> EMP086 | K79: =TRIM(CLEAN(PROPER(B79))) -> Emily | L79: =TRIM(CLEAN(PROPER(C79))) -> Miller | M79: =_xlfn.TEXTJOIN(" ",TRUE,K79,L79) -> Emily Miller | N79: =_xlfn.XLOOKUP(O79,Lookup_Departments!$A$2:$A$7,Lookup_Departments!$B$2:$B$7,"Not Found") -> Sales | O79: =IFERROR(VLOOKUP(D79,Lookup_Departments!$A$2:$B$7,1,FALSE),"Invalid") -> SAL05 | P79: =IF(ISNUMBER(E79),E79,DATE(RIGHT(E79,4),LEFT(E79,2),MID(E79,4,2))) -> 44386 | Q79: =DATEDIF(P79,TODAY(),"Y") -> 5 | R79: =IF(F79="",AVERAGEIF($D$2:$D$151,D79,$F$2:$F$151),F79) -> 70359 | S79: =IF(G79="",AVERAGE($G$2:$G$158),G79) -> 78 | T79: =_xlfn.XLOOKUP(S79,Lookup_Performance!$A$2:$A$6,Lookup_Performance!$C$2:$C$6,"Not Found",-1) -> Achieving | U79: =_xlfn.XLOOKUP(S79,Lookup_Performance!$A$2:$A$6,Lookup_Performance!$D$2:$D$6,"Not Found",-1) -> 0.05 | V79: =TRIM(CLEAN(UPPER(H79))) -> LEFT
A80: EMP124 | B80: Sarah | C80: Miller | D80: MKT04 | E80: 43599 | G80: 61 | H80: ACTIVE | J80: =TRIM(CLEAN(A80)) -> EMP124 | K80: =TRIM(CLEAN(PROPER(B80))) -> Sarah | L80: =TRIM(CLEAN(PROPER(C80))) -> Miller | M80: =_xlfn.TEXTJOIN(" ",TRUE,K80,L80) -> Sarah Miller | N80: =_xlfn.XLOOKUP(O80,Lookup_Departments!$A$2:$A$7,Lookup_Departments!$B$2:$B$7,"Not Found") -> Marketing | O80: =IFERROR(VLOOKUP(D80,Lookup_Departments!$A$2:$B$7,1,FALSE),"Invalid") -> MKT04 | P80: =IF(ISNUMBER(E80),E80,DATE(RIGHT(E80,4),LEFT(E80,2),MID(E80,4,2))) -> 43599 | Q80: =DATEDIF(P80,TODAY(),"Y") -> 7 | R80: =IF(F80="",AVERAGEIF($D$2:$D$151,D80,$F$2:$F$151),F80) -> 85508.167 | S80: =IF(G80="",AVERAGE($G$2:$G$158),G80) -> 61 | T80: =_xlfn.XLOOKUP(S80,Lookup_Performance!$A$2:$A$6,Lookup_Performance!$C$2:$C$6,"Not Found",-1) -> Developing | U80: =_xlfn.XLOOKUP(S80,Lookup_Performance!$A$2:$A$6,Lookup_Performance!$D$2:$D$6,"Not Found",-1) -> 0.02 | V80: =TRIM(CLEAN(UPPER(H80))) -> ACTIVE
A81: EMP132 | B81: Jessica | C81: Garcia | D81: OPS06 | E81: 42330 | F81: 86480 | G81: 74 | H81: Left | J81: =TRIM(CLEAN(A81)) -> EMP132 | K81: =TRIM(CLEAN(PROPER(B81))) -> Jessica | L81: =TRIM(CLEAN(PROPER(C81))) -> Garcia | M81: =_xlfn.TEXTJOIN(" ",TRUE,K81,L81) -> Jessica Garcia | N81: =_xlfn.XLOOKUP(O81,Lookup_Departments!$A$2:$A$7,Lookup_Departments!$B$2:$B$7,"Not Found") -> Operations | O81: =IFERROR(VLOOKUP(D81,Lookup_Departments!$A$2:$B$7,1,FALSE),"Invalid") -> OPS06 | P81: =IF(ISNUMBER(E81),E81,DATE(RIGHT(E81,4),LEFT(E81,2),MID(E81,4,2))) -> 42330 | Q81: =DATEDIF(P81,TODAY(),"Y") -> 10 | R81: =IF(F81="",AVERAGEIF($D$2:$D$151,D81,$F$2:$F$151),F81) -> 86480 | S81: =IF(G81="",AVERAGE($G$2:$G$158),G81) -> 74 | T81: =_xlfn.XLOOKUP(S81,Lookup_Performance!$A$2:$A$6,Lookup_Performance!$C$2:$C$6,"Not Found",-1) -> Achieving | U81: =_xlfn.XLOOKUP(S81,Lookup_Performance!$A$2:$A$6,Lookup_Performance!$D$2:$D$6,"Not Found",-1) -> 0.05 | V81: =TRIM(CLEAN(UPPER(H81))) -> LEFT
A82: EMP048 | B82: Richard | C82: Smith | D82: HR01 | E82: 09/29/2018 | F82: 47694 | G82: 94 | H82: ACTIVE | J82: =TRIM(CLEAN(A82)) -> EMP048 | K82: =TRIM(CLEAN(PROPER(B82))) -> Richard | L82: =TRIM(CLEAN(PROPER(C82))) -> Smith | M82: =_xlfn.TEXTJOIN(" ",TRUE,K82,L82) -> Richard Smith | N82: =_xlfn.XLOOKUP(O82,Lookup_Departments!$A$2:$A$7,Lookup_Departments!$B$2:$B$7,"Not Found") -> Human Resources | O82: =IFERROR(VLOOKUP(D82,Lookup_Departments!$A$2:$B$7,1,FALSE),"Invalid") -> HR01 | P82: =IF(ISNUMBER(E82),E82,DATE(RIGHT(E82,4),LEFT(E82,2),MID(E82,4,2))) -> 43372 | Q82: =DATEDIF(P82,TODAY(),"Y") -> 7 | R82: =IF(F82="",AVERAGEIF($D$2:$D$151,D82,$F$2:$F$151),F82) -> 47694 | S82: =IF(G82="",AVERAGE($G$2:$G$158),G82) -> 94 | T82: =_xlfn.XLOOKUP(S82,Lookup_Performance!$A$2:$A$6,Lookup_Performance!$C$2:$C$6,"Not Found",-1) -> Exceeding | U82: =_xlfn.XLOOKUP(S82,Lookup_Performance!$A$2:$A$6,Lookup_Performance!$D$2:$D$6,"Not Found",-1) -> 0.08 | V82: =TRIM(CLEAN(UPPER(H82))) -> ACTIVE
A83: EMP114 | B83: Melissa | C83: Wilson | D83: IT02 | E83: 45171 | F83: 83724 | G83: 80 | H83: ACTIVE | J83: =TRIM(CLEAN(A83)) -> EMP114 | K83: =TRIM(CLEAN(PROPER(B83))) -> Melissa | L83: =TRIM(CLEAN(PROPER(C83))) -> Wilson | M83: =_xlfn.TEXTJOIN(" ",TRUE,K83,L83) -> Melissa Wilson | N83: =_xlfn.XLOOKUP(O83,Lookup_Departments!$A$2:$A$7,Lookup_Departments!$B$2:$B$7,"Not Found") -> Information Technology | O83: =IFERROR(VLOOKUP(D83,Lookup_Departments!$A$2:$B$7,1,FALSE),"Invalid") -> IT02 | P83: =IF(ISNUMBER(E83),E83,DATE(RIGHT(E83,4),LEFT(E83,2),MID(E83,4,2))) -> 45171 | Q83: =DATEDIF(P83,TODAY(),"Y") -> 2 | R83: =IF(F83="",AVERAGEIF($D$2:$D$151,D83,$F$2:$F$151),F83) -> 83724 | S83: =IF(G83="",AVERAGE($G$2:$G$158),G83) -> 80 | T83: =_xlfn.XLOOKUP(S83,Lookup_Performance!$A$2:$A$6,Lookup_Performance!$C$2:$C$6,"Not Found",-1) -> Achieving | U83: =_xlfn.XLOOKUP(S83,Lookup_Performance!$A$2:$A$6,Lookup_Performance!$D$2:$D$6,"Not Found",-1) -> 0.05 | V83: =TRIM(CLEAN(UPPER(H83))) -> ACTIVE
A84: EMP062 | B84: Thomas | C84: Williams | D84: FIN03 | E84: 44759 | F84: 98299 | H84: ACTIVE | J84: =TRIM(CLEAN(A84)) -> EMP062 | K84: =TRIM(CLEAN(PROPER(B84))) -> Thomas | L84: =TRIM(CLEAN(PROPER(C84))) -> Williams | M84: =_xlfn.TEXTJOIN(" ",TRUE,K84,L84) -> Thomas Williams | N84: =_xlfn.XLOOKUP(O84,Lookup_Departments!$A$2:$A$7,Lookup_Departments!$B$2:$B$7,"Not Found") -> Finance | O84: =IFERROR(VLOOKUP(D84,Lookup_Departments!$A$2:$B$7,1,FALSE),"Invalid") -> FIN03 | P84: =IF(ISNUMBER(E84),E84,DATE(RIGHT(E84,4),LEFT(E84,2),MID(E84,4,2))) -> 44759 | Q84: =DATEDIF(P84,TODAY(),"Y") -> 3 | R84: =IF(F84="",AVERAGEIF($D$2:$D$151,D84,$F$2:$F$151),F84) -> 98299 | S84: =IF(G84="",AVERAGE($G$2:$G$158),G84) -> 68.219858 | T84: =_xlfn.XLOOKUP(S84,Lookup_Performance!$A$2:$A$6,Lookup_Performance!$C$2:$C$6,"Not Found",-1) -> Developing | U84: =_xlfn.XLOOKUP(S84,Lookup_Performance!$A$2:$A$6,Lookup_Performance!$D$2:$D$6,"Not Found",-1) -> 0.02 | V84: =TRIM(CLEAN(UPPER(H84))) -> ACTIVE
A85: EMP074 | B85: David | C85: Williams | D85: FIN03 | E85: 44234 | G85: 75 | H85: ACTIVE | J85: =TRIM(CLEAN(A85)) -> EMP074 | K85: =TRIM(CLEAN(PROPER(B85))) -> David | L85: =TRIM(CLEAN(PROPER(C85))) -> Williams | M85: =_xlfn.TEXTJOIN(" ",TRUE,K85,L85) -> David Williams | N85: =_xlfn.XLOOKUP(O85,Lookup_Departments!$A$2:$A$7,Lookup_Departments!$B$2:$B$7,"Not Found") -> Finance | O85: =IFERROR(VLOOKUP(D85,Lookup_Departments!$A$2:$B$7,1,FALSE),"Invalid") -> FIN03 | P85: =IF(ISNUMBER(E85),E85,DATE(RIGHT(E85,4),LEFT(E85,2),MID(E85,4,2))) -> 44234 | Q85: =DATEDIF(P85,TODAY(),"Y") -> 5 | R85: =IF(F85="",AVERAGEIF($D$2:$D$151,D85,$F$2:$F$151),F85) -> 87938.5 | S85: =IF(G85="",AVERAGE($G$2:$G$158),G85) -> 75 | T85: =_xlfn.XLOOKUP(S85,Lookup_Performance!$A$2:$A$6,Lookup_Performance!$C$2:$C$6,"Not Found",-1) -> Achieving | U85: =_xlfn.XLOOKUP(S85,Lookup_Performance!$A$2:$A$6,Lookup_Performance!$D$2:$D$6,"Not Found",-1) -> 0.05 | V85: =TRIM(CLEAN(UPPER(H85))) -> ACTIVE
A86: EMP034 | B86: John | C86: Johnson | D86: IT02 | E86: 45026 | F86: 52287 | G86: 81 | H86: Resigned | J86: =TRIM(CLEAN(A86)) -> EMP034 | K86: =TRIM(CLEAN(PROPER(B86))) -> John | L86: =TRIM(CLEAN(PROPER(C86))) -> Johnson | M86: =_xlfn.TEXTJOIN(" ",TRUE,K86,L86) -> John Johnson | N86: =_xlfn.XLOOKUP(O86,Lookup_Departments!$A$2:$A$7,Lookup_Departments!$B$2:$B$7,"Not Found") -> Information Technology | O86: =IFERROR(VLOOKUP(D86,Lookup_Departments!$A$2:$B$7,1,FALSE),"Invalid") -> IT02 | P86: =IF(ISNUMBER(E86),E86,DATE(RIGHT(E86,4),LEFT(E86,2),MID(E86,4,2))) -> 45026 | Q86: =DATEDIF(P86,TODAY(),"Y") -> 3 | R86: =IF(F86="",AVERAGEIF($D$2:$D$151,D86,$F$2:$F$151),F86) -> 52287 | S86: =IF(G86="",AVERAGE($G$2:$G$158),G86) -> 81 | T86: =_xlfn.XLOOKUP(S86,Lookup_Performance!$A$2:$A$6,Lookup_Performance!$C$2:$C$6,"Not Found",-1) -> Achieving | U86: =_xlfn.XLOOKUP(S86,Lookup_Performance!$A$2:$A$6,Lookup_Performance!$D$2:$D$6,"Not Found",-1) -> 0.05 | V86: =TRIM(CLEAN(UPPER(H86))) -> RESIGNED
A87: EMP105 | B87: Richard | C87: Gonzalez | D87: IT02 | E87: 44073 | F87: 82633 | G87: 61 | H87: ACTIVE | J87: =TRIM(CLEAN(A87)) -> EMP105 | K87: =TRIM(CLEAN(PROPER(B87))) -> Richard | L87: =TRIM(CLEAN(PROPER(C87))) -> Gonzalez | M87: =_xlfn.TEXTJOIN(" ",TRUE,K87,L87) -> Richard Gonzalez | N87: =_xlfn.XLOOKUP(O87,Lookup_Departments!$A$2:$A$7,Lookup_Departments!$B$2:$B$7,"Not Found") -> Information Technology | O87: =IFERROR(VLOOKUP(D87,Lookup_Departments!$A$2:$B$7,1,FALSE),"Invalid") -> IT02 | P87: =IF(ISNUMBER(E87),E87,DATE(RIGHT(E87,4),LEFT(E87,2),MID(E87,4,2))) -> 44073 | Q87: =DATEDIF(P87,TODAY(),"Y") -> 5 | R87: =IF(F87="",AVERAGEIF($D$2:$D$151,D87,$F$2:$F$151),F87) -> 82633 | S87: =IF(G87="",AVERAGE($G$2:$G$158),G87) -> 61 | T87: =_xlfn.XLOOKUP(S87,Lookup_Performance!$A$2:$A$6,Lookup_Performance!$C$2:$C$6,"Not Found",-1) -> Developing | U87: =_xlfn.XLOOKUP(S87,Lookup_Performance!$A$2:$A$6,Lookup_Performance!$D$2:$D$6,"Not Found",-1) -> 0.02 | V87: =TRIM(CLEAN(UPPER(H87))) -> ACTIVE
A88: EMP118 | B88: Melissa | C88: Anderson | D88: OPS06 | E88: 44422 | F88: 46508 | G88: 68 | H88: ACTIVE | J88: =TRIM(CLEAN(A88)) -> EMP118 | K88: =TRIM(CLEAN(PROPER(B88))) -> Melissa | L88: =TRIM(CLEAN(PROPER(C88))) -> Anderson | M88: =_xlfn.TEXTJOIN(" ",TRUE,K88,L88) -> Melissa Anderson | N88: =_xlfn.XLOOKUP(O88,Lookup_Departments!$A$2:$A$7,Lookup_Departments!$B$2:$B$7,"Not Found") -> Operations | O88: =IFERROR(VLOOKUP(D88,Lookup_Departments!$A$2:$B$7,1,FALSE),"Invalid") -> OPS06 | P88: =IF(ISNUMBER(E88),E88,DATE(RIGHT(E88,4),LEFT(E88,2),MID(E88,4,2))) -> 44422 | Q88: =DATEDIF(P88,TODAY(),"Y") -> 4 | R88: =IF(F88="",AVERAGEIF($D$2:$D$151,D88,$F$2:$F$151),F88) -> 46508 | S88: =IF(G88="",AVERAGE($G$2:$G$158),G88) -> 68 | T88: =_xlfn.XLOOKUP(S88,Lookup_Performance!$A$2:$A$6,Lookup_Performance!$C$2:$C$6,"Not Found",-1) -> Developing | U88: =_xlfn.XLOOKUP(S88,Lookup_Performance!$A$2:$A$6,Lookup_Performance!$D$2:$D$6,"Not Found",-1) -> 0.02 | V88: =TRIM(CLEAN(UPPER(H88))) -> ACTIVE
A89: EMP063 | B89: Emily | C89: Gonzalez | D89: HR01 | E89: 43796 | F89: 86232 | G89: 70 | H89: active | J89: =TRIM(CLEAN(A89)) -> EMP063 | K89: =TRIM(CLEAN(PROPER(B89))) -> Emily | L89: =TRIM(CLEAN(PROPER(C89))) -> Gonzalez | M89: =_xlfn.TEXTJOIN(" ",TRUE,K89,L89) -> Emily Gonzalez | N89: =_xlfn.XLOOKUP(O89,Lookup_Departments!$A$2:$A$7,Lookup_Departments!$B$2:$B$7,"Not Found") -> Human Resources | O89: =IFERROR(VLOOKUP(D89,Lookup_Departments!$A$2:$B$7,1,FALSE),"Invalid") -> HR01 | P89: =IF(ISNUMBER(E89),E89,DATE(RIGHT(E89,4),LEFT(E89,2),MID(E89,4,2))) -> 43796 | Q89: =DATEDIF(P89,TODAY(),"Y") -> 6 | R89: =IF(F89="",AVERAGEIF($D$2:$D$151,D89,$F$2:$F$151),F89) -> 86232 | S89: =IF(G89="",AVERAGE($G$2:$G$158),G89) -> 70 | T89: =_xlfn.XLOOKUP(S89,Lookup_Performance!$A$2:$A$6,Lookup_Performance!$C$2:$C$6,"Not Found",-1) -> Achieving | U89: =_xlfn.XLOOKUP(S89,Lookup_Performance!$A$2:$A$6,Lookup_Performance!$D$2:$D$6,"Not Found",-1) -> 0.05 | V89: =TRIM(CLEAN(UPPER(H89))) -> ACTIVE
A90: EMP094 | B90: Jane | C90: Davis | D90: IT02 | E90: 42880 | F90: 77545 | G90: 98 | H90: ACTIVE | J90: =TRIM(CLEAN(A90)) -> EMP094 | K90: =TRIM(CLEAN(PROPER(B90))) -> Jane | L90: =TRIM(CLEAN(PROPER(C90))) -> Davis | M90: =_xlfn.TEXTJOIN(" ",TRUE,K90,L90) -> Jane Davis | N90: =_xlfn.XLOOKUP(O90,Lookup_Departments!$A$2:$A$7,Lookup_Departments!$B$2:$B$7,"Not Found") -> Information Technology | O90: =IFERROR(VLOOKUP(D90,Lookup_Departments!$A$2:$B$7,1,FALSE),"Invalid") -> IT02 | P90: =IF(ISNUMBER(E90),E90,DATE(RIGHT(E90,4),LEFT(E90,2),MID(E90,4,2))) -> 42880 | Q90: =DATEDIF(P90,TODAY(),"Y") -> 9 | R90: =IF(F90="",AVERAGEIF($D$2:$D$151,D90,$F$2:$F$151),F90) -> 77545 | S90: =IF(G90="",AVERAGE($G$2:$G$158),G90) -> 98 | T90: =_xlfn.XLOOKUP(S90,Lookup_Performance!$A$2:$A$6,Lookup_Performance!$C$2:$C$6,"Not Found",-1) -> Outstanding | U90: =_xlfn.XLOOKUP(S90,Lookup_Performance!$A$2:$A$6,Lookup_Performance!$D$2:$D$6,"Not Found",-1) -> 0.12 | V90: =TRIM(CLEAN(UPPER(H90))) -> ACTIVE
A91: EMP097 | B91: William | C91: Gonzalez | D91: OPS06 | E91: 43436 | F91: 68683 | G91: 34 | H91: Active | J91: =TRIM(CLEAN(A91)) -> EMP097 | K91: =TRIM(CLEAN(PROPER(B91))) -> William | L91: =TRIM(CLEAN(PROPER(C91))) -> Gonzalez | M91: =_xlfn.TEXTJOIN(" ",TRUE,K91,L91) -> William Gonzalez | N91: =_xlfn.XLOOKUP(O91,Lookup_Departments!$A$2:$A$7,Lookup_Departments!$B$2:$B$7,"Not Found") -> Operations | O91: =IFERROR(VLOOKUP(D91,Lookup_Departments!$A$2:$B$7,1,FALSE),"Invalid") -> OPS06 | P91: =IF(ISNUMBER(E91),E91,DATE(RIGHT(E91,4),LEFT(E91,2),MID(E91,4,2))) -> 43436 | Q91: =DATEDIF(P91,TODAY(),"Y") -> 7 | R91: =IF(F91="",AVERAGEIF($D$2:$D$151,D91,$F$2:$F$151),F91) -> 68683 | S91: =IF(G91="",AVERAGE($G$2:$G$158),G91) -> 34 | T91: =_xlfn.XLOOKUP(S91,Lookup_Performance!$A$2:$A$6,Lookup_Performance!$C$2:$C$6,"Not Found",-1) -> Needs Improvement | U91: =_xlfn.XLOOKUP(S91,Lookup_Performance!$A$2:$A$6,Lookup_Performance!$D$2:$D$6,"Not Found",-1) -> 0 | V91: =TRIM(CLEAN(UPPER(H91))) -> ACTIVE
A92: EMP054 | B92: Thomas | C92: Jones | D92: FIN03 | E92: 43639 | F92: 83932 | G92: 93 | H92: Active | J92: =TRIM(CLEAN(A92)) -> EMP054 | K92: =TRIM(CLEAN(PROPER(B92))) -> Thomas | L92: =TRIM(CLEAN(PROPER(C92))) -> Jones | M92: =_xlfn.TEXTJOIN(" ",TRUE,K92,L92) -> Thomas Jones | N92: =_xlfn.XLOOKUP(O92,Lookup_Departments!$A$2:$A$7,Lookup_Departments!$B$2:$B$7,"Not Found") -> Finance | O92: =IFERROR(VLOOKUP(D92,Lookup_Departments!$A$2:$B$7,1,FALSE),"Invalid") -> FIN03 | P92: =IF(ISNUMBER(E92),E92,DATE(RIGHT(E92,4),LEFT(E92,2),MID(E92,4,2))) -> 43639 | Q92: =DATEDIF(P92,TODAY(),"Y") -> 7 | R92: =IF(F92="",AVERAGEIF($D$2:$D$151,D92,$F$2:$F$151),F92) -> 83932 | S92: =IF(G92="",AVERAGE($G$2:$G$158),G92) -> 93 | T92: =_xlfn.XLOOKUP(S92,Lookup_Performance!$A$2:$A$6,Lookup_Performance!$C$2:$C$6,"Not Found",-1) -> Exceeding | U92: =_xlfn.XLOOKUP(S92,Lookup_Performance!$A$2:$A$6,Lookup_Performance!$D$2:$D$6,"Not Found",-1) -> 0.08 | V92: =TRIM(CLEAN(UPPER(H92))) -> ACTIVE
A93: EMP006 | B93: Jessica | C93: Anderson | D93: HR01 | E93: 42304 | F93: 56073 | G93: 48 | H93: Active | J93: =TRIM(CLEAN(A93)) -> EMP006 | K93: =TRIM(CLEAN(PROPER(B93))) -> Jessica | L93: =TRIM(CLEAN(PROPER(C93))) -> Anderson | M93: =_xlfn.TEXTJOIN(" ",TRUE,K93,L93) -> Jessica Anderson | N93: =_xlfn.XLOOKUP(O93,Lookup_Departments!$A$2:$A$7,Lookup_Departments!$B$2:$B$7,"Not Found") -> Human Resources | O93: =IFERROR(VLOOKUP(D93,Lookup_Departments!$A$2:$B$7,1,FALSE),"Invalid") -> HR01 | P93: =IF(ISNUMBER(E93),E93,DATE(RIGHT(E93,4),LEFT(E93,2),MID(E93,4,2))) -> 42304 | Q93: =DATEDIF(P93,TODAY(),"Y") -> 10 | R93: =IF(F93="",AVERAGEIF($D$2:$D$151,D93,$F$2:$F$151),F93) -> 56073 | S93: =IF(G93="",AVERAGE($G$2:$G$158),G93) -> 48 | T93: =_xlfn.XLOOKUP(S93,Lookup_Performance!$A$2:$A$6,Lookup_Performance!$C$2:$C$6,"Not Found",-1) -> Needs Improvement | U93: =_xlfn.XLOOKUP(S93,Lookup_Performance!$A$2:$A$6,Lookup_Performance!$D$2:$D$6,"Not Found",-1) -> 0 | V93: =TRIM(CLEAN(UPPER(H93))) -> ACTIVE
A94: EMP110 | B94: Melissa | C94: Johnson | D94: IT02 | E94: 43270 | F94: 88056 | G94: 90 | H94: ACTIVE | J94: =TRIM(CLEAN(A94)) -> EMP110 | K94: =TRIM(CLEAN(PROPER(B94))) -> Melissa | L94: =TRIM(CLEAN(PROPER(C94))) -> Johnson | M94: =_xlfn.TEXTJOIN(" ",TRUE,K94,L94) -> Melissa Johnson | N94: =_xlfn.XLOOKUP(O94,Lookup_Departments!$A$2:$A$7,Lookup_Departments!$B$2:$B$7,"Not Found") -> Information Technology | O94: =IFERROR(VLOOKUP(D94,Lookup_Departments!$A$2:$B$7,1,FALSE),"Invalid") -> IT02 | P94: =IF(ISNUMBER(E94),E94,DATE(RIGHT(E94,4),LEFT(E94,2),MID(E94,4,2))) -> 43270 | Q94: =DATEDIF(P94,TODAY(),"Y") -> 8 | R94: =IF(F94="",AVERAGEIF($D$2:$D$151,D94,$F$2:$F$151),F94) -> 88056 | S94: =IF(G94="",AVERAGE($G$2:$G$158),G94) -> 90 | T94: =_xlfn.XLOOKUP(S94,Lookup_Performance!$A$2:$A$6,Lookup_Performance!$C$2:$C$6,"Not Found",-1) -> Exceeding | U94: =_xlfn.XLOOKUP(S94,Lookup_Performance!$A$2:$A$6,Lookup_Performance!$D$2:$D$6,"Not Found",-1) -> 0.08 | V94: =TRIM(CLEAN(UPPER(H94))) -> ACTIVE
A95: EMP147 | B95: Thomas | C95: Miller | D95: OPS06 | E95: 43112 | F95: 67414 | G95: 57 | H95: LEFT | J95: =TRIM(CLEAN(A95)) -> EMP147 | K95: =TRIM(CLEAN(PROPER(B95))) -> Thomas | L95: =TRIM(CLEAN(PROPER(C95))) -> Miller | M95: =_xlfn.TEXTJOIN(" ",TRUE,K95,L95) -> Thomas Miller | N95: =_xlfn.XLOOKUP(O95,Lookup_Departments!$A$2:$A$7,Lookup_Departments!$B$2:$B$7,"Not Found") -> Operations | O95: =IFERROR(VLOOKUP(D95,Lookup_Departments!$A$2:$B$7,1,FALSE),"Invalid") -> OPS06 | P95: =IF(ISNUMBER(E95),E95,DATE(RIGHT(E95,4),LEFT(E95,2),MID(E95,4,2))) -> 43112 | Q95: =DATEDIF(P95,TODAY(),"Y") -> 8 | R95: =IF(F95="",AVERAGEIF($D$2:$D$151,D95,$F$2:$F$151),F95) -> 67414 | S95: =IF(G95="",AVERAGE($G$2:$G$158),G95) -> 57 | T95: =_xlfn.XLOOKUP(S95,Lookup_Performance!$A$2:$A$6,Lookup_Performance!$C$2:$C$6,"Not Found",-1) -> Developing | U95: =_xlfn.XLOOKUP(S95,Lookup_Performance!$A$2:$A$6,Lookup_Performance!$D$2:$D$6,"Not Found",-1) -> 0.02 | V95: =TRIM(CLEAN(UPPER(H95))) -> LEFT
A96: EMP050 | B96: William | C96: Gonzalez | D96: SAL05 | E96: 42008 | F96: 115288 | G96: 79 | H96: Active | J96: =TRIM(CLEAN(A96)) -> EMP050 | K96: =TRIM(CLEAN(PROPER(B96))) -> William | L96: =TRIM(CLEAN(PROPER(C96))) -> Gonzalez | M96: =_xlfn.TEXTJOIN(" ",TRUE,K96,L96) -> William Gonzalez | N96: =_xlfn.XLOOKUP(O96,Lookup_Departments!$A$2:$A$7,Lookup_Departments!$B$2:$B$7,"Not Found") -> Sales | O96: =IFERROR(VLOOKUP(D96,Lookup_Departments!$A$2:$B$7,1,FALSE),"Invalid") -> SAL05 | P96: =IF(ISNUMBER(E96),E96,DATE(RIGHT(E96,4),LEFT(E96,2),MID(E96,4,2))) -> 42008 | Q96: =DATEDIF(P96,TODAY(),"Y") -> 11 | R96: =IF(F96="",AVERAGEIF($D$2:$D$151,D96,$F$2:$F$151),F96) -> 115288 | S96: =IF(G96="",AVERAGE($G$2:$G$158),G96) -> 79 | T96: =_xlfn.XLOOKUP(S96,Lookup_Performance!$A$2:$A$6,Lookup_Performance!$C$2:$C$6,"Not Found",-1) -> Achieving | U96: =_xlfn.XLOOKUP(S96,Lookup_Performance!$A$2:$A$6,Lookup_Performance!$D$2:$D$6,"Not Found",-1) -> 0.05 | V96: =TRIM(CLEAN(UPPER(H96))) -> ACTIVE
A97: EMP036 | B97: Unknown | C97: Smith | D97: SAL05 | E97: 43439 | F97: 80140 | G97: 66 | H97: ACTIVE | J97: =TRIM(CLEAN(A97)) -> EMP036 | K97: =TRIM(CLEAN(PROPER(B97))) -> Unknown | L97: =TRIM(CLEAN(PROPER(C97))) -> Smith | M97: =_xlfn.TEXTJOIN(" ",TRUE,K97,L97) -> Unknown Smith | N97: =_xlfn.XLOOKUP(O97,Lookup_Departments!$A$2:$A$7,Lookup_Departments!$B$2:$B$7,"Not Found") -> Sales | O97: =IFERROR(VLOOKUP(D97,Lookup_Departments!$A$2:$B$7,1,FALSE),"Invalid") -> SAL05 | P97: =IF(ISNUMBER(E97),E97,DATE(RIGHT(E97,4),LEFT(E97,2),MID(E97,4,2))) -> 43439 | Q97: =DATEDIF(P97,TODAY(),"Y") -> 7 | R97: =IF(F97="",AVERAGEIF($D$2:$D$151,D97,$F$2:$F$151),F97) -> 80140 | S97: =IF(G97="",AVERAGE($G$2:$G$158),G97) -> 66 | T97: =_xlfn.XLOOKUP(S97,Lookup_Performance!$A$2:$A$6,Lookup_Performance!$C$2:$C$6,"Not Found",-1) -> Developing | U97: =_xlfn.XLOOKUP(S97,Lookup_Performance!$A$2:$A$6,Lookup_Performance!$D$2:$D$6,"Not Found",-1) -> 0.02 | V97: =TRIM(CLEAN(UPPER(H97))) -> ACTIVE
... A99: EMP078 | B99: Jane | C99: Johnson | D99: SAL05 | E99: 44081 | F99: 95292 | G99: 61 | H99: ACTIVE | J99: =TRIM(CLEAN(A99)) -> EMP078 | K99: =TRIM(CLEAN(PROPER(B99))) -> Jane | L99: =TRIM(CLEAN(PROPER(C99))) -> Johnson | M99: =_xlfn.TEXTJOIN(" ",TRUE,K99,L99) -> Jane Johnson | N99: =_xlfn.XLOOKUP(O99,Lookup_Departments!$A$2:$A$7,Lookup_Departments!$B$2:$B$7,"Not Found") -> Sales | O99: =IFERROR(VLOOKUP(D99,Lookup_Departments!$A$2:$B$7,1,FALSE),"Invalid") -> SAL05 | P99: =IF(ISNUMBER(E99),E99,DATE(RIGHT(E99,4),LEFT(E99,2),MID(E99,4,2))) -> 44081 | Q99: =DATEDIF(P99,TODAY(),"Y") -> 5 | R99: =IF(F99="",AVERAGEIF($D$2:$D$151,D99,$F$2:$F$151),F99) -> 95292 | S99: =IF(G99="",AVERAGE($G$2:$G$158),G99) -> 61 | T99: =_xlfn.XLOOKUP(S99,Lookup_Performance!$A$2:$A$6,Lookup_Performance!$C$2:$C$6,"Not Found",-1) -> Developing | U99: =_xlfn.XLOOKUP(S99,Lookup_Performance!$A$2:$A$6,Lookup_Performance!$D$2:$D$6,"Not Found",-1) -> 0.02 | V99: =TRIM(CLEAN(UPPER(H99))) -> ACTIVE
A100: EMP035 | B100: John | C100: Jones | D100: IT02 | E100: 43680 | G100: 58 | H100: Active | J100: =TRIM(CLEAN(A100)) -> EMP035 | K100: =TRIM(CLEAN(PROPER(B100))) -> John | L100: =TRIM(CLEAN(PROPER(C100))) -> Jones | M100: =_xlfn.TEXTJOIN(" ",TRUE,K100,L100) -> John Jones | N100: =_xlfn.XLOOKUP(O100,Lookup_Departments!$A$2:$A$7,Lookup_Departments!$B$2:$B$7,"Not Found") -> Information Technology | O100: =IFERROR(VLOOKUP(D100,Lookup_Departments!$A$2:$B$7,1,FALSE),"Invalid") -> IT02 | P100: =IF(ISNUMBER(E100),E100,DATE(RIGHT(E100,4),LEFT(E100,2),MID(E100,4,2))) -> 43680 | Q100: =DATEDIF(P100,TODAY(),"Y") -> 6 | R100: =IF(F100="",AVERAGEIF($D$2:$D$151,D100,$F$2:$F$151),F100) -> 80014.258 | S100: =IF(G100="",AVERAGE($G$2:$G$158),G100) -> 58 | T100: =_xlfn.XLOOKUP(S100,Lookup_Performance!$A$2:$A$6,Lookup_Performance!$C$2:$C$6,"Not Found",-1) -> Developing | U100: =_xlfn.XLOOKUP(S100,Lookup_Performance!$A$2:$A$6,Lookup_Performance!$D$2:$D$6,"Not Found",-1) -> 0.02 | V100: =TRIM(CLEAN(UPPER(H100))) -> ACTIVE
A101: EMP047 | B101: Jane | C101: Lopez | D101: MKT04 | E101: 42074 | F101: 101750 | G101: 69 | H101: ACTIVE | J101: =TRIM(CLEAN(A101)) -> EMP047 | K101: =TRIM(CLEAN(PROPER(B101))) -> Jane | L101: =TRIM(CLEAN(PROPER(C101))) -> Lopez | M101: =_xlfn.TEXTJOIN(" ",TRUE,K101,L101) -> Jane Lopez | N101: =_xlfn.XLOOKUP(O101,Lookup_Departments!$A$2:$A$7,Lookup_Departments!$B$2:$B$7,"Not Found") -> Marketing | O101: =IFERROR(VLOOKUP(D101,Lookup_Departments!$A$2:$B$7,1,FALSE),"Invalid") -> MKT04 | P101: =IF(ISNUMBER(E101),E101,DATE(RIGHT(E101,4),LEFT(E101,2),MID(E101,4,2))) -> 42074 | Q101: =DATEDIF(P101,TODAY(),"Y") -> 11 | R101: =IF(F101="",AVERAGEIF($D$2:$D$151,D101,$F$2:$F$151),F101) -> 101750 | S101: =IF(G101="",AVERAGE($G$2:$G$158),G101) -> 69 | T101: =_xlfn.XLOOKUP(S101,Lookup_Performance!$A$2:$A$6,Lookup_Performance!$C$2:$C$6,"Not Found",-1) -> Developing | U101: =_xlfn.XLOOKUP(S101,Lookup_Performance!$A$2:$A$6,Lookup_Performance!$D$2:$D$6,"Not Found",-1) -> 0.02 | V101: =TRIM(CLEAN(UPPER(H101))) -> ACTIVE
...

Sheet Raw_Employee_Data
A1: Emp ID | B1: First_Name | C1: Last_Name | D1: Dept Code | E1: Hire Date | F1: Salary | G1: Perf_Score | H1: Employment Status
A2: EMP127 | B2: Emily | C2: Brown | D2: IT02 | E2: 43093 | F2: 50361 | G2: 52 | H2: active
A3: EMP046 | B3: Richard | C3: Hernandez | D3: MKT04 | E3: 44659 | F3: 112673 | H3: ACTIVE
A4: EMP134 | B4: Emily | C4: Gonzalez | D4: IT02 | E4: 42431 | F4: $114,425 | G4: 54 | H4: LEFT
A5: EMP139 | B5: John | C5: Martinez | D5: FIN03 | E5: 45110 | F5: 103831 | G5: 70 | H5: active
A6: EMP112 | B6: Thomas | C6: Smith | D6: IT02 | E6: 44977 | F6: 73785 | G6: 40 | H6: Left
A7: EMP030 | B7: Emily | C7: Johnson | D7: OPS06 | E7: 43892 | F7: 115882 | G7: 49 | H7: ACTIVE
A8: EMP096 | B8: John | C8: Wilson | D8: OPS06 | E8: 45272 | F8: 59980 | G8: 70 | H8: Left
A9: EMP098 | B9: Jessica | C9: Smith | D9: OPS06 | E9: 44174 | F9: 68728 | G9: 45 | H9: ACTIVE
A10: EMP095 | C10: Rodriguez | D10: FIN03 | E10: 43107 | F10: 102139 | G10: 79 | H10: active
A11: EMP140 | B11: Michael | C11: Martinez | D11: SAL05 | E11: 42676 | F11: 94998 | G11: 58 | H11: Active
A12: EMP020 | B12: Emily | C12: Miller | D12: sal05 | E12: 43911 | F12: $118,635 | G12: 49 | H12: Active
A13: EMP057 | B13: Emily | C13: Hernandez | D13: IT02 | E13: 42425 | F13: 76918 | G13: 62 | H13: Actv
A14: EMP016 | B14: Jane | C14: Williams | D14: mkt04 | E14: 44364 | F14: 61408 | G14: 48 | H14: ACTIVE
A15: EMP070 | B15: Jane | C15: Miller | D15: MKT04 | E15: 44001 | F15: 99990 | G15: 54 | H15: Actv
A16: EMP025 | B16: Robert | C16: Jones | D16: MKT04 | E16: 43820 | F16: 80385 | H16: active
A17: EMP031 | B17: Thomas | C17: Rodriguez | D17: SAL05 | E17: 45169 | F17: 65290 | G17: 77 | H17: active
A18: EMP126 | B18: Emily | C18: Davis | D18: IT02 | E18: 42337 | F18: 105765 | G18: 42 | H18: Active
A19: EMP109 | B19: James | C19: Martinez | D19: SAL05 | E19: 42899 | F19: 102921 | G19: 49 | H19: ACTIVE
A20: EMP066 | B20: Ashley | C20: Lopez | D20: MKT04 | E20: 43235 | F20: 73984 | G20: 93 | H20: Actv
A21: EMP120 | B21: Amanda | C21: Gonzalez | D21: IT02 | E21: 42575 | G21: 75 | H21: Actv
A22: EMP019 | B22: Michael | C22: Hernandez | D22: FIN03 | E22: 43076 | F22: 118527 | G22: 50 | H22: Actv
A23: EMP013 | B23: Richard | C23: Hernandez | D23: MKT04 | E23: 44353 | F23: 107871 | G23: 88 | H23: active
A24: EMP010 | B24: Michael | C24: Rodriguez | D24: IT02 | E24: 44815 | F24: 93956 | G24: 50 | H24: LEFT
A25: EMP032 | B25: Jessica | C25: Johnson | D25: FIN03 | E25: 42565 | F25: 100851 | G25: 64 | H25: ACTIVE
A26: EMP082 | B26: Ashley | C26: Williams | D26: SAL05 | E26: 44728 | F26: 68655 | G26: 32 | H26: active
A27: EMP052 | C27: Williams | D27: SAL05 | E27: 45134 | F27: 81205 | G27: 59 | H27: Actv
A28: EMP129 | B28: John | C28: Wilson | D28: SAL05 | E28: 09/24/2019 | F28: $77,610 | G28: 88 | H28: Actv
A29: EMP146 | B29: Thomas | C29: Rodriguez | D29: it02 | E29: 44765 | F29: $50,873 | G29: 90 | H29: Active
A30: EMP099 | B30: Michael | C30: Wilson | D30: fin03 | E30: 43233 | F30: 85312 | G30: 66 | H30: active
A31: EMP015 | B31: John | C31: Rodriguez | D31: SAL05 | E31: 42202 | G31: 68 | H31: active
A32: EMP076 | B32: Thomas | C32: Hernandez | D32: OPS06 | E32: 42221 | F32: 97055 | G32: 80 | H32: Actv
A33: EMP137 | B33: Michael | C33: Johnson | D33: IT02 | E33: 45195 | F33: 66069 | G33: 72 | H33: Actv
A34: EMP056 | B34: Sarah | C34: Brown | D34: it02 | E34: 43626 | F34: 90157 | G34: 58 | H34: active
A35: EMP125 | B35: Jane | C35: Martinez | D35: HR01 | E35: 44578 | F35: 59899 | G35: 78 | H35: Actv
A36: EMP085 | B36: Emily | C36: Jones | D36: FIN03 | E36: 42919 | F36: 113389 | G36: 30 | H36: ACTIVE
A37: EMP106 | C37: Brown | D37: IT02 | E37: 42248 | F37: 102691 | G37: 52 | H37: Active
A38: EMP043 | B38: John | C38: Wilson | D38: OPS06 | E38: 44776 | F38: 111845 | G38: 98 | H38: active
A39: EMP068 | B39: Melissa | C39: Brown | D39: SAL05 | E39: 06/29/2022 | F39: 69219 | G39: 93 | H39: Actv
A40: EMP128 | B40: Michael | C40: Smith | D40: FIN03 | E40: 43949 | G40: 80 | H40: left
A41: EMP027 | B41: Sarah | C41: Miller | D41: OPS06 | E41: 42987 | F41: 57514 | H41: active
A42: EMP136 | B42: Emily | C42: Wilson | D42: SAL05 | E42: 43181 | F42: 86245 | G42: 71 | H42: LEFT
A43: EMP079 | B43: David | C43: Hernandez | D43: SAL05 | E43: 43958 | F43: 52407 | G43: 55 | H43: active
A44: EMP149 | B44: James | C44: Smith | D44: OPS06 | E44: 43549 | F44: $66,606 | G44: 93 | H44: Resigned
A45: EMP037 | B45: Sarah | C45: Williams | D45: IT02 | E45: 43686 | F45: 81896 | G45: 79 | H45: Resigned
A46: EMP077 | B46: Amanda | C46: Lopez | D46: SAL05 | E46: 07/14/2016 | F46: 78402 | G46: 54 | H46: ACTIVE
A47: EMP023 | B47: Thomas | C47: Lopez | D47: OPS06 | E47: 42647 | F47: 105498 | G47: 76 | H47: active
A48: EMP133 | B48: Melissa | C48: Johnson | D48: MKT04 | E48: 43656 | F48: 91749 | G48: 72 | H48: left
A49: EMP141 | B49: Amanda | C49: Johnson | D49: OPS06 | E49: 44437 | F49: 99935 | G49: 84 | H49: Resigned
A50: EMP012 | B50: John | C50: Davis | D50: IT02 | E50: 42761 | F50: 83531 | G50: 30 | H50: left
A51: EMP080 | B51: James | C51: Johnson | D51: mkt04 | E51: 43981 | F51: $75,023 | H51: ACTIVE
A52: EMP069 | B52: Jane | C52: Davis | D52: HR01 | E52: 44612 | F52: 93290 | G52: 53 | H52: ACTIVE
A53: EMP150 | B53: Richard | C53: Davis | D53: OPS06 | E53: 42628 | F53: 115527 | G53: 63 | H53: Resigned
A54: EMP028 | B54: Thomas | C54: Rodriguez | D54: FIN03 | E54: 43656 | F54: 55920 | G54: 84 | H54: Actv
A55: EMP087 | B55: Emily | C55: Johnson | D55: SAL05 | E55: 43464 | F55: 80189 | G55: 30 | H55: Active
A56: EMP119 | B56: Emily | C56: Garcia | D56: HR01 | E56: 44189 | F56: 118947 | G56: 96 | H56: active
A57: EMP042 | B57: Jane | C57: Anderson | D57: IT02 | E57: 45112 | G57: 54 | H57: Actv
A58: EMP005 | B58: Thomas | C58: Garcia | D58: OPS06 | E58: 44148 | G58: 75 | H58: Actv
A59: EMP033 | B59: David | C59: Martinez | D59: hr01 | E59: 43283 | F59: 91655 | G59: 95 | H59: Active
A60: EMP061 | B60: Emily | C60: Brown | D60: IT02 | E60: 45255 | F60: 49435 | H60: left
A61: EMP102 | B61: Emily | C61: Wilson | D61: sal05 | E61: 45217 | F61: 110381 | G61: 93 | H61: Active
A62: EMP067 | B62: Michael | C62: Anderson | D62: HR01 | E62: 44079 | F62: 114748 | G62: 33 | H62: active
A63: EMP017 | B63: Robert | C63: Johnson | D63: OPS06 | E63: 42800 | F63: 63302 | G63: 91 | H63: active
A64: EMP123 | B64: Robert | C64: Miller | D64: it02 | E64: 42122 | F64: $75,519 | G64: 64 | H64: active
A65: EMP011 | B65: Jane | C65: Davis | D65: FIN03 | E65: 42838 | F65: 103891 | G65: 80 | H65: active
A66: EMP091 | B66: Thomas | C66: Davis | D66: OPS06 | E66: 44827 | G66: 46 | H66: LEFT
A67: EMP145 | B67: Thomas | C67: Jones | D67: MKT04 | E67: 42685 | F67: $50,936 | G67: 99 | H67: active
A68: EMP001 | B68: Michael | C68: Miller | D68: SAL05 | E68: 42818 | F68: $111,240 | H68: Actv
A69: EMP113 | B69: Richard | C69: Gonzalez | D69: HR01 | E69: 43590 | F69: 51567 | G69: 87 | H69: Resigned
A70: EMP065 | B70: Melissa | C70: Williams | D70: HR01 | E70: 44402 | G70: 36 | H70: Active
A71: EMP045 | B71: Robert | C71: Miller | D71: HR01 | E71: 43008 | F71: 55270 | G71: 87 | H71: Actv
A72: EMP083 | B72: William | C72: Garcia | D72: SAL05 | E72: 42192 | F72: 65235 | G72: 97 | H72: ACTIVE
A73: EMP029 | B73: John | C73: Gonzalez | D73: SAL05 | E73: 43283 | G73: 72 | H73: LEFT
A74: EMP041 | B74: James | C74: Gonzalez | D74: sal05 | E74: 44819 | G74: 65 | H74: LEFT
A75: EMP026 | B75: Jane | C75: Gonzalez | D75: SAL05 | E75: 42249 | G75: 67 | H75: Actv
A76: EMP024 | B76: David | C76: Wilson | D76: ops06 | E76: 42654 | F76: 48823 | G76: 34 | H76: ACTIVE
A77: EMP111 | B77: Jane | C77: Gonzalez | D77: FIN03 | E77: 43575 | F77: 45196 | G77: 78 | H77: LEFT
A78: EMP040 | B78: Jane | C78: Rodriguez | D78: IT02 | E78: 02/19/2017 | F78: $86,246 | G78: 61 | H78: Actv
A79: EMP086 | B79: Emily | C79: Miller | D79: SAL05 | E79: 44386 | F79: 70359 | G79: 74 | H79: Left
A80: EMP124 | B80: Sarah | C80: Miller | D80: MKT04 | E80: 43599 | G80: 94 | H80: ACTIVE
A81: EMP132 | B81: Jessica | C81: Garcia | D81: OPS06 | E81: 42330 | F81: 86480 | H81: ACTIVE
A82: EMP048 | B82: Richard | C82: Smith | D82: hr01 | E82: 09/29/2018 | F82: $47,694 | G82: 75 | H82: ACTIVE
A83: EMP114 | B83: Melissa | C83: Wilson | D83: IT02 | E83: 45171 | F83: 83724 | G83: 81 | H83: Resigned
A84: EMP062 | B84: Thomas | C84: Williams | D84: FIN03 | E84: 44759 | F84: 98299 | G84: 61 | H84: Actv
A85: EMP074 | B85: David | C85: Williams | D85: FIN03 | E85: 44234 | G85: 68 | H85: Actv
A86: EMP034 | B86: John | C86: Johnson | D86: it02 | E86: 45026 | F86: 52287 | G86: 70 | H86: active
A87: EMP105 | B87: Richard | C87: Gonzalez | D87: IT02 | E87: 44073 | F87: 82633 | G87: 98 | H87: ACTIVE
A88: EMP118 | B88: Melissa | C88: Anderson | D88: OPS06 | E88: 44422 | F88: 46508 | G88: 34 | H88: Active
A89: EMP063 | B89: Emily | C89: Gonzalez | D89: hr01 | E89: 43796 | F89: 86232 | G89: 93 | H89: Active
A90: EMP094 | B90: Jane | C90: Davis | D90: it02 | E90: 42880 | F90: $77,545 | G90: 48 | H90: Active
A91: EMP097 | B91: William | C91: Gonzalez | D91: OPS06 | E91: 43436 | F91: 68683 | G91: 90 | H91: Actv
A92: EMP054 | B92: Thomas | C92: Jones | D92: FIN03 | E92: 43639 | F92: 83932 | G92: 57 | H92: LEFT
A93: EMP006 | B93: Jessica | C93: Anderson | D93: HR01 | E93: 42304 | F93: 56073 | G93: 79 | H93: Active
A94: EMP110 | B94: Melissa | C94: Johnson | D94: IT02 | E94: 43270 | F94: $88,056 | G94: 66 | H94: Actv
A95: EMP147 | B95: Thomas | C95: Miller | D95: ops06 | E95: 43112 | F95: 67414 | G95: 84 | H95: Left
A96: EMP050 | B96: William | C96: Gonzalez | D96: SAL05 | E96: 42008 | F96: $115,288 | G96: 61 | H96: Actv
A97: EMP036 | C97: Smith | D97: SAL05 | E97: 43439 | F97: 80140 | G97: 58 | H97: Active
A98: EMP081 | B98: John | C98: Johnson | D98: IT02 | E98: 44482 | F98: 73087 | G98: 69 | H98: Actv
A99: EMP078 | B99: Jane | C99: Johnson | D99: SAL05 | E99: 44081 | F99: 95292 | G99: 34 | H99: active
A100: EMP035 | B100: John | C100: Jones | D100: IT02 | E100: 43680 | G100: 33 | H100: active
...

Sheet Lookup_Departments
A1: Dept_Code | B1: Department_Name
A2: HR01 | B2: Human Resources
A3: IT02 | B3: Information Technology
A4: FIN03 | B4: Finance
A5: MKT04 | B5: Marketing
A6: SAL05 | B6: Sales
A7: OPS06 | B7: Operations

Sheet Lookup_Performance
A1: Min_Score | B1: Max_Score | C1: Performance_Band | D1: Bonus_Percentage
A2: 0 | B2: 49 | C2: Needs Improvement | D2: 0
A3: 50 | B3: 69 | C3: Developing | D3: 0.02
A4: 70 | B4: 84 | C4: Achieving | D4: 0.05
A5: 85 | B5: 94 | C5: Exceeding | D5: 0.08
A6: 95 | B6: 100 | C6: Outstanding | D6: 0.12
